/*
 Navicat Premium Data Transfer

 Source Server         : 生产库
 Source Server Type    : MySQL
 Source Server Version : 50725
 Source Host           : 47.104.220.191:3306
 Source Schema         : vsc_au

 Target Server Type    : MySQL
 Target Server Version : 50725
 File Encoding         : 65001

 Date: 22/07/2019 14:14:18
*/

SET NAMES utf8mb4;
SET FOREIGN_KEY_CHECKS = 0;

-- ----------------------------
-- Table structure for T_AU_BUTTON
-- ----------------------------
DROP TABLE IF EXISTS `T_AU_BUTTON`;
CREATE TABLE `T_AU_BUTTON`  (
  `id` int(11) NOT NULL AUTO_INCREMENT,
  `button_code` varchar(32) CHARACTER SET utf8 COLLATE utf8_general_ci NULL DEFAULT NULL COMMENT '按钮编码',
  `button_name` varchar(32) CHARACTER SET utf8 COLLATE utf8_general_ci NULL DEFAULT NULL COMMENT '按钮名称',
  `button_type` varchar(32) CHARACTER SET utf8 COLLATE utf8_general_ci NULL DEFAULT NULL COMMENT '按钮类型',
  `button_icon` varchar(32) CHARACTER SET utf8 COLLATE utf8_general_ci NULL DEFAULT NULL COMMENT '按钮icon',
  `menu_id` int(11) NULL DEFAULT NULL COMMENT '所属菜单id',
  `parent_id` int(11) NULL DEFAULT NULL COMMENT '父按钮ID（这个按钮即是菜单又是按钮，类似与按钮组）',
  `is_delete` char(1) CHARACTER SET utf8 COLLATE utf8_general_ci NULL DEFAULT 'N' COMMENT '删除标识',
  `data_state` varchar(32) CHARACTER SET utf8 COLLATE utf8_general_ci NULL DEFAULT NULL COMMENT '数据状态',
  `prohibit_state` char(1) CHARACTER SET utf8 COLLATE utf8_general_ci NULL DEFAULT 'N' COMMENT '是否禁用',
  `prohibit_user` int(11) NULL DEFAULT NULL COMMENT '禁用人',
  `prohibit_time` datetime(0) NULL DEFAULT NULL COMMENT '禁用时间',
  `review_user` int(11) NULL DEFAULT NULL COMMENT '审核人',
  `review_time` datetime(0) NULL DEFAULT NULL COMMENT '审核时间',
  `create_time` datetime(0) NULL DEFAULT NULL COMMENT '创建时间',
  `create_user` int(11) NULL DEFAULT NULL COMMENT '创建用户',
  `update_time` datetime(0) NULL DEFAULT NULL COMMENT '修改时间',
  `update_user` int(11) NULL DEFAULT NULL COMMENT '修改用户',
  PRIMARY KEY (`id`) USING BTREE
) ENGINE = InnoDB AUTO_INCREMENT = 167 CHARACTER SET = utf8 COLLATE = utf8_general_ci COMMENT = '按钮资源表' ROW_FORMAT = Dynamic;

-- ----------------------------
-- Records of T_AU_BUTTON
-- ----------------------------
INSERT INTO `T_AU_BUTTON` VALUES (1, 'BUT_01', '混合单元1.1', 'HUN_CELL', NULL, 2, 99, 'N', 'AUDITED', 'N', NULL, NULL, NULL, NULL, NULL, NULL, NULL, NULL);
INSERT INTO `T_AU_BUTTON` VALUES (2, 'BUT_02', '油炸单元1.2', 'YOUZHA_CELL', NULL, 2, 99, 'N', 'AUDITED', 'N', NULL, NULL, NULL, NULL, NULL, NULL, NULL, NULL);
INSERT INTO `T_AU_BUTTON` VALUES (3, 'BUT_03', '包装单元1.3', 'BAO_CELL', '123', 2, 99, 'N', 'AUDITED', 'N', NULL, NULL, NULL, NULL, NULL, NULL, '2019-06-04 10:42:34', 3);
INSERT INTO `T_AU_BUTTON` VALUES (4, 'BUT_04', '装箱单元1.4', 'ZHAUNG_CELL', NULL, 2, 99, 'N', 'AUDITED', 'N', NULL, NULL, NULL, NULL, NULL, NULL, NULL, NULL);
INSERT INTO `T_AU_BUTTON` VALUES (5, 'BUT_05', '克重机1.1', 'KZ1', NULL, 2, 99, 'N', 'AUDITED', 'N', 1, '2019-06-19 15:35:46', NULL, NULL, NULL, NULL, '2019-06-19 15:35:52', 1);
INSERT INTO `T_AU_BUTTON` VALUES (6, 'BUT_06', '克重机1.2', 'KZ2', '', 2, 99, 'N', 'AUDITED', 'N', NULL, NULL, NULL, NULL, '2019-05-23 11:35:39', 1, '2019-05-23 11:41:53', 1);
INSERT INTO `T_AU_BUTTON` VALUES (7, 'BUT_07', '克重机1.3', 'KZ3', NULL, 2, 99, 'N', 'AUDITED', 'N', NULL, NULL, NULL, NULL, NULL, NULL, NULL, NULL);
INSERT INTO `T_AU_BUTTON` VALUES (8, 'BUT_08', '克重机1.4', 'KZ4', NULL, 2, 99, 'N', 'AUDITED', 'N', NULL, NULL, NULL, NULL, NULL, NULL, NULL, NULL);
INSERT INTO `T_AU_BUTTON` VALUES (9, 'BUT_09', '克重机1.5', 'KZ5', NULL, 2, 99, 'N', 'AUDITED', 'N', NULL, NULL, NULL, NULL, NULL, NULL, NULL, NULL);
INSERT INTO `T_AU_BUTTON` VALUES (10, 'BUT_10', '克重机1.6', 'KZ6', NULL, 2, 99, 'N', 'AUDITED', 'N', NULL, NULL, NULL, NULL, NULL, NULL, NULL, NULL);
INSERT INTO `T_AU_BUTTON` VALUES (11, 'BUT_11', '克重机1.7', 'KZ7', NULL, 2, 99, 'N', 'AUDITED', 'N', NULL, NULL, NULL, NULL, NULL, NULL, NULL, NULL);
INSERT INTO `T_AU_BUTTON` VALUES (12, 'BUT_12', '克重机1.8', 'KZ8', NULL, 2, 99, 'N', 'AUDITED', 'N', NULL, NULL, NULL, NULL, NULL, NULL, NULL, NULL);
INSERT INTO `T_AU_BUTTON` VALUES (13, 'BUT_13', '克重机1.9', 'KZ9', NULL, 2, 99, 'N', 'AUDITED', 'N', NULL, NULL, NULL, NULL, NULL, NULL, NULL, NULL);
INSERT INTO `T_AU_BUTTON` VALUES (14, 'BUT_14', '克重机1.10', 'KZ10', NULL, 2, 99, 'N', 'AUDITED', 'N', NULL, NULL, NULL, NULL, NULL, NULL, NULL, NULL);
INSERT INTO `T_AU_BUTTON` VALUES (15, 'BUT_15', '油炸机1.11', 'YZ1', NULL, 2, 99, 'N', 'AUDITED', 'N', NULL, NULL, NULL, NULL, NULL, NULL, NULL, NULL);
INSERT INTO `T_AU_BUTTON` VALUES (16, 'BUT_16', '产能效率报表', 'PRO_SELECT', NULL, 2, 99, 'N', 'AUDITED', 'N', NULL, NULL, NULL, NULL, NULL, NULL, NULL, NULL);
INSERT INTO `T_AU_BUTTON` VALUES (17, 'BUT_17', '混合单元报表', 'HUN_SELECT', NULL, 2, 99, 'N', 'AUDITED', 'N', NULL, NULL, NULL, NULL, NULL, NULL, NULL, NULL);
INSERT INTO `T_AU_BUTTON` VALUES (18, 'BUT_18', '油炸单元报表', 'YZ_SELECT', NULL, 2, 99, 'N', 'AUDITED', 'N', NULL, NULL, NULL, NULL, NULL, NULL, NULL, NULL);
INSERT INTO `T_AU_BUTTON` VALUES (19, 'BUT_19', '混合单元2.1', 'HUN_CELL', NULL, 3, 99, 'N', 'AUDITED', 'N', NULL, NULL, NULL, NULL, NULL, NULL, NULL, NULL);
INSERT INTO `T_AU_BUTTON` VALUES (20, 'BUT_20', '油炸单元2.2', 'YOUZHA_CELL', NULL, 3, 100, 'N', 'AUDITED', 'N', NULL, NULL, NULL, NULL, NULL, NULL, NULL, NULL);
INSERT INTO `T_AU_BUTTON` VALUES (21, 'BUT_21', '包装单元2.3', 'BAO_CELL', NULL, 3, 100, 'N', 'AUDITED', 'N', NULL, NULL, NULL, NULL, NULL, NULL, NULL, NULL);
INSERT INTO `T_AU_BUTTON` VALUES (22, 'BUT_22', '装箱单元2.4', 'ZHAUNG_CELL', NULL, 3, 100, 'N', 'AUDITED', 'N', NULL, NULL, NULL, NULL, NULL, NULL, NULL, NULL);
INSERT INTO `T_AU_BUTTON` VALUES (23, 'BUT_23', '克重机2.1', 'KZ1', NULL, 3, 100, 'N', 'AUDITED', 'N', NULL, NULL, NULL, NULL, NULL, NULL, NULL, NULL);
INSERT INTO `T_AU_BUTTON` VALUES (24, 'BUT_24', '克重机2.2', 'KZ2', NULL, 3, 100, 'N', 'AUDITED', 'N', NULL, NULL, NULL, NULL, NULL, NULL, NULL, NULL);
INSERT INTO `T_AU_BUTTON` VALUES (25, 'BUT_25', '克重机2.3', 'KZ3', NULL, 3, 100, 'N', 'AUDITED', 'N', NULL, NULL, NULL, NULL, NULL, NULL, NULL, NULL);
INSERT INTO `T_AU_BUTTON` VALUES (26, 'BUT_26', '克重机2.4', 'KZ4', NULL, 3, 100, 'N', 'AUDITED', 'N', NULL, NULL, NULL, NULL, NULL, NULL, NULL, NULL);
INSERT INTO `T_AU_BUTTON` VALUES (27, 'BUT_27', '克重机2.5', 'KZ5', NULL, 3, 100, 'N', 'AUDITED', 'N', NULL, NULL, NULL, NULL, NULL, NULL, NULL, NULL);
INSERT INTO `T_AU_BUTTON` VALUES (28, 'BUT_28', '克重机2.6', 'KZ6', NULL, 3, 100, 'N', 'AUDITED', 'N', NULL, NULL, NULL, NULL, NULL, NULL, NULL, NULL);
INSERT INTO `T_AU_BUTTON` VALUES (29, 'BUT_29', '克重机2.7', 'KZ7', NULL, 3, 100, 'N', 'AUDITED', 'N', NULL, NULL, NULL, NULL, NULL, NULL, NULL, NULL);
INSERT INTO `T_AU_BUTTON` VALUES (30, 'BUT_30', '克重机2.8', 'KZ8', NULL, 3, 100, 'N', 'AUDITED', 'N', NULL, NULL, NULL, NULL, NULL, NULL, NULL, NULL);
INSERT INTO `T_AU_BUTTON` VALUES (31, 'BUT_31', '克重机2.9', 'KZ9', NULL, 3, 100, 'N', 'AUDITED', 'N', NULL, NULL, NULL, NULL, NULL, NULL, NULL, NULL);
INSERT INTO `T_AU_BUTTON` VALUES (32, 'BUT_32', '克重机2.10', 'KZ10', NULL, 3, 100, 'N', 'AUDITED', 'N', NULL, NULL, NULL, NULL, NULL, NULL, NULL, NULL);
INSERT INTO `T_AU_BUTTON` VALUES (33, 'BUT_33', '油炸机2.11', 'YZ1', NULL, 3, 100, 'N', 'AUDITED', 'N', NULL, NULL, NULL, NULL, NULL, NULL, NULL, NULL);
INSERT INTO `T_AU_BUTTON` VALUES (34, 'BUT_34', '产能效率报表', 'PRO_SELECT', NULL, 3, 100, 'N', 'AUDITED', 'N', NULL, NULL, NULL, NULL, NULL, NULL, NULL, NULL);
INSERT INTO `T_AU_BUTTON` VALUES (35, 'BUT_35', '混合单元报表', 'HUN_SELECT', NULL, 3, 100, 'N', 'AUDITED', 'N', NULL, NULL, NULL, NULL, NULL, NULL, NULL, NULL);
INSERT INTO `T_AU_BUTTON` VALUES (36, 'BUT_36', '油炸单元报表', 'YZ_SELECT', NULL, 3, 100, 'N', 'AUDITED', 'N', NULL, NULL, NULL, NULL, NULL, NULL, NULL, NULL);
INSERT INTO `T_AU_BUTTON` VALUES (37, 'BUT_37', '混合单元3.1', 'HUN_CELL', NULL, 4, 101, 'N', 'AUDITED', 'N', NULL, NULL, NULL, NULL, NULL, NULL, NULL, NULL);
INSERT INTO `T_AU_BUTTON` VALUES (38, 'BUT_38', '油炸单元3.2', 'YOUZHA_CELL', NULL, 4, 101, 'N', 'AUDITED', 'N', NULL, NULL, NULL, NULL, NULL, NULL, NULL, NULL);
INSERT INTO `T_AU_BUTTON` VALUES (39, 'BUT_39', '包装单元3.3', 'BAO_CELL', NULL, 4, 101, 'N', 'AUDITED', 'N', NULL, NULL, NULL, NULL, NULL, NULL, NULL, NULL);
INSERT INTO `T_AU_BUTTON` VALUES (40, 'BUT_40', '装箱单元3.4', 'ZHAUNG_CELL', NULL, 4, 101, 'N', 'AUDITED', 'N', NULL, NULL, NULL, NULL, NULL, NULL, NULL, NULL);
INSERT INTO `T_AU_BUTTON` VALUES (41, 'BUT_41', '克重机3.1', 'KZ1', NULL, 4, 101, 'N', 'AUDITED', 'N', NULL, NULL, NULL, NULL, NULL, NULL, NULL, NULL);
INSERT INTO `T_AU_BUTTON` VALUES (42, 'BUT_42', '克重机3.2', 'KZ2', NULL, 4, 101, 'N', 'AUDITED', 'N', NULL, NULL, NULL, NULL, NULL, NULL, NULL, NULL);
INSERT INTO `T_AU_BUTTON` VALUES (43, 'BUT_43', '油炸机3.3', 'YZ1', NULL, 4, 101, 'N', 'AUDITED', 'N', NULL, NULL, NULL, NULL, NULL, NULL, NULL, NULL);
INSERT INTO `T_AU_BUTTON` VALUES (44, 'BUT_44', '产能效率报表', 'PRO_SELECT', NULL, 4, 101, 'N', 'AUDITED', 'N', NULL, NULL, NULL, NULL, NULL, NULL, NULL, NULL);
INSERT INTO `T_AU_BUTTON` VALUES (45, 'BUT_45', '混合单元报表', 'HUN_SELECT', NULL, 4, 101, 'N', 'AUDITED', 'N', NULL, NULL, NULL, NULL, NULL, NULL, NULL, NULL);
INSERT INTO `T_AU_BUTTON` VALUES (46, 'BUT_46', '油炸单元报表', 'YZ_SELECT', NULL, 4, 101, 'N', 'AUDITED', 'N', NULL, NULL, NULL, NULL, NULL, NULL, NULL, NULL);
INSERT INTO `T_AU_BUTTON` VALUES (47, 'BUT_47', '混合单元4.1', 'HUN_CELL', NULL, 5, 102, 'N', 'AUDITED', 'N', NULL, NULL, NULL, NULL, NULL, NULL, NULL, NULL);
INSERT INTO `T_AU_BUTTON` VALUES (48, 'BUT_48', '油炸单元4.2', 'YOUZHA_CELL', NULL, 5, 102, 'N', 'AUDITED', 'N', NULL, NULL, NULL, NULL, NULL, NULL, NULL, NULL);
INSERT INTO `T_AU_BUTTON` VALUES (49, 'BUT_49', '包装单元4.3', 'BAO_CELL', NULL, 5, 102, 'N', 'AUDITED', 'N', NULL, NULL, NULL, NULL, NULL, NULL, NULL, NULL);
INSERT INTO `T_AU_BUTTON` VALUES (50, 'BUT_50', '装箱单元4.4', 'ZHAUNG_CELL', NULL, 5, 102, 'N', 'AUDITED', 'N', NULL, NULL, NULL, NULL, NULL, NULL, NULL, NULL);
INSERT INTO `T_AU_BUTTON` VALUES (51, 'BUT_51', '克重机4.1', 'KZ1', NULL, 5, 102, 'N', 'AUDITED', 'N', NULL, NULL, NULL, NULL, NULL, NULL, NULL, NULL);
INSERT INTO `T_AU_BUTTON` VALUES (52, 'BUT_52', '克重机4.2', 'KZ2', NULL, 5, 102, 'N', 'AUDITED', 'N', NULL, NULL, NULL, NULL, NULL, NULL, NULL, NULL);
INSERT INTO `T_AU_BUTTON` VALUES (53, 'BUT_53', '油炸机4.3', 'YZ1', NULL, 5, 102, 'N', 'AUDITED', 'N', NULL, NULL, NULL, NULL, NULL, NULL, NULL, NULL);
INSERT INTO `T_AU_BUTTON` VALUES (54, 'BUT_54', '产能效率报表', 'PRO_SELECT', NULL, 5, 102, 'N', 'AUDITED', 'N', NULL, NULL, NULL, NULL, NULL, NULL, NULL, NULL);
INSERT INTO `T_AU_BUTTON` VALUES (55, 'BUT_55', '混合单元报表', 'HUN_SELECT', NULL, 5, 102, 'N', 'AUDITED', 'N', NULL, NULL, NULL, NULL, NULL, NULL, NULL, NULL);
INSERT INTO `T_AU_BUTTON` VALUES (56, 'BUT_56', '油炸单元报表', 'YZ_SELECT', NULL, 5, 102, 'N', 'AUDITED', 'N', NULL, NULL, NULL, NULL, NULL, NULL, NULL, NULL);
INSERT INTO `T_AU_BUTTON` VALUES (57, 'BUT_57', '混合单元5.1', 'HUN_CELL', NULL, 6, 103, 'N', 'AUDITED', 'N', NULL, NULL, NULL, NULL, NULL, NULL, NULL, NULL);
INSERT INTO `T_AU_BUTTON` VALUES (58, 'BUT_58', '油炸单元5.2', 'YOUZHA_CELL', NULL, 6, 103, 'N', 'AUDITED', 'N', NULL, NULL, NULL, NULL, NULL, NULL, NULL, NULL);
INSERT INTO `T_AU_BUTTON` VALUES (59, 'BUT_59', '包装单元5.3', 'BAO_CELL', NULL, 6, 103, 'N', 'AUDITED', 'N', NULL, NULL, NULL, NULL, NULL, NULL, NULL, NULL);
INSERT INTO `T_AU_BUTTON` VALUES (60, 'BUT_60', '装箱单元5.4', 'ZHAUNG_CELL', NULL, 6, 103, 'N', 'AUDITED', 'N', NULL, NULL, NULL, NULL, NULL, NULL, NULL, NULL);
INSERT INTO `T_AU_BUTTON` VALUES (61, 'BUT_61', '克重机5.1', 'KZ1', NULL, 6, 103, 'N', 'AUDITED', 'N', NULL, NULL, NULL, NULL, NULL, NULL, NULL, NULL);
INSERT INTO `T_AU_BUTTON` VALUES (62, 'BUT_62', '克重机5.2', 'KZ2', NULL, 6, 103, 'N', 'AUDITED', 'N', NULL, NULL, NULL, NULL, NULL, NULL, NULL, NULL);
INSERT INTO `T_AU_BUTTON` VALUES (63, 'BUT_63', '油炸机5.3', 'YZ1', NULL, 6, 103, 'N', 'AUDITED', 'N', NULL, NULL, NULL, NULL, NULL, NULL, NULL, NULL);
INSERT INTO `T_AU_BUTTON` VALUES (64, 'BUT_64', '产能效率报表', 'PRO_SELECT', NULL, 6, 103, 'N', 'AUDITED', 'N', NULL, NULL, NULL, NULL, NULL, NULL, NULL, NULL);
INSERT INTO `T_AU_BUTTON` VALUES (65, 'BUT_65', '混合单元报表', 'HUN_SELECT', NULL, 6, 103, 'N', 'AUDITED', 'N', NULL, NULL, NULL, NULL, NULL, NULL, NULL, NULL);
INSERT INTO `T_AU_BUTTON` VALUES (66, 'BUT_66', '油炸单元报表', 'YZ_SELECT', NULL, 6, 103, 'N', 'AUDITED', 'N', NULL, NULL, NULL, NULL, NULL, NULL, NULL, NULL);
INSERT INTO `T_AU_BUTTON` VALUES (67, 'BUT_67', '混合单元6.1', 'HUN_CELL', NULL, 7, 104, 'N', 'AUDITED', 'N', NULL, NULL, NULL, NULL, NULL, NULL, NULL, NULL);
INSERT INTO `T_AU_BUTTON` VALUES (68, 'BUT_68', '油炸单元6.2', 'YOUZHA_CELL', NULL, 7, 104, 'N', 'AUDITED', 'N', NULL, NULL, NULL, NULL, NULL, NULL, NULL, NULL);
INSERT INTO `T_AU_BUTTON` VALUES (69, 'BUT_69', '包装单元6.3', 'BAO_CELL', NULL, 7, 104, 'N', 'AUDITED', 'N', NULL, NULL, NULL, NULL, NULL, NULL, NULL, NULL);
INSERT INTO `T_AU_BUTTON` VALUES (70, 'BUT_70', '装箱单元6.4', 'ZHAUNG_CELL', NULL, 7, 104, 'N', 'AUDITED', 'N', NULL, NULL, NULL, NULL, NULL, NULL, NULL, NULL);
INSERT INTO `T_AU_BUTTON` VALUES (71, 'BUT_71', '克重机6.1', 'KZ1', NULL, 7, 104, 'N', 'AUDITED', 'N', NULL, NULL, NULL, NULL, NULL, NULL, NULL, NULL);
INSERT INTO `T_AU_BUTTON` VALUES (72, 'BUT_72', '克重机6.2', 'KZ2', NULL, 7, 104, 'N', 'AUDITED', 'N', NULL, NULL, NULL, NULL, NULL, NULL, NULL, NULL);
INSERT INTO `T_AU_BUTTON` VALUES (73, 'BUT_73', '油炸机6.3', 'YZ1', NULL, 7, 104, 'N', 'AUDITED', 'N', NULL, NULL, NULL, NULL, NULL, NULL, NULL, NULL);
INSERT INTO `T_AU_BUTTON` VALUES (74, 'BUT_74', '产能效率报表', 'PRO_SELECT', NULL, 7, 104, 'N', 'AUDITED', 'N', NULL, NULL, NULL, NULL, NULL, NULL, NULL, NULL);
INSERT INTO `T_AU_BUTTON` VALUES (75, 'BUT_75', '混合单元报表', 'HUN_SELECT', NULL, 7, 104, 'N', 'AUDITED', 'N', NULL, NULL, NULL, NULL, NULL, NULL, NULL, NULL);
INSERT INTO `T_AU_BUTTON` VALUES (76, 'BUT_76', '油炸单元报表', 'YZ_SELECT', NULL, 7, 104, 'N', 'AUDITED', 'N', NULL, NULL, NULL, NULL, NULL, NULL, NULL, NULL);
INSERT INTO `T_AU_BUTTON` VALUES (77, 'BUT_77', '混合单元7.1', 'HUN_CELL', NULL, 8, 105, 'N', 'AUDITED', 'N', NULL, NULL, NULL, NULL, NULL, NULL, NULL, NULL);
INSERT INTO `T_AU_BUTTON` VALUES (78, 'BUT_78', '油炸单元7.2', 'YOUZHA_CELL', NULL, 8, 105, 'N', 'AUDITED', 'N', NULL, NULL, NULL, NULL, NULL, NULL, NULL, NULL);
INSERT INTO `T_AU_BUTTON` VALUES (79, 'BUT_79', '包装单元7.3', 'BAO_CELL', NULL, 8, 105, 'N', 'AUDITED', 'N', NULL, NULL, NULL, NULL, NULL, NULL, NULL, NULL);
INSERT INTO `T_AU_BUTTON` VALUES (80, 'BUT_80', '装箱单元7.4', 'ZHAUNG_CELL', NULL, 8, 105, 'N', 'AUDITED', 'N', NULL, NULL, NULL, NULL, NULL, NULL, NULL, NULL);
INSERT INTO `T_AU_BUTTON` VALUES (81, 'BUT_81', '克重机7.1', 'KZ1', NULL, 8, 105, 'N', 'AUDITED', 'N', NULL, NULL, NULL, NULL, NULL, NULL, NULL, NULL);
INSERT INTO `T_AU_BUTTON` VALUES (82, 'BUT_82', '克重机7.2', 'KZ2', NULL, 8, 105, 'N', 'AUDITED', 'N', NULL, NULL, NULL, NULL, NULL, NULL, NULL, NULL);
INSERT INTO `T_AU_BUTTON` VALUES (83, 'BUT_83', '克重机7.3', 'KZ3', NULL, 8, 105, 'N', 'AUDITED', 'N', NULL, NULL, NULL, NULL, NULL, NULL, NULL, NULL);
INSERT INTO `T_AU_BUTTON` VALUES (84, 'BUT_84', '油炸机7.4', 'YZ1', NULL, 8, 105, 'N', 'AUDITED', 'N', NULL, NULL, NULL, NULL, NULL, NULL, NULL, NULL);
INSERT INTO `T_AU_BUTTON` VALUES (85, 'BUT_85', '产能效率报表', 'PRO_SELECT', NULL, 8, 105, 'N', 'AUDITED', 'N', NULL, NULL, NULL, NULL, NULL, NULL, NULL, NULL);
INSERT INTO `T_AU_BUTTON` VALUES (86, 'BUT_86', '混合单元报表', 'HUN_SELECT', NULL, 8, 105, 'N', 'AUDITED', 'N', NULL, NULL, NULL, NULL, NULL, NULL, NULL, NULL);
INSERT INTO `T_AU_BUTTON` VALUES (87, 'BUT_87', '油炸单元报表', 'YZ_SELECT', NULL, 8, 105, 'N', 'AUDITED', 'N', NULL, NULL, NULL, NULL, NULL, NULL, NULL, NULL);
INSERT INTO `T_AU_BUTTON` VALUES (88, 'BUT_88', '混合单元8.1', 'HUN_CELL', NULL, 9, 106, 'N', 'AUDITED', 'N', NULL, NULL, NULL, NULL, NULL, NULL, NULL, NULL);
INSERT INTO `T_AU_BUTTON` VALUES (89, 'BUT_89', '油炸单元8.2', 'YOUZHA_CELL', NULL, 9, 106, 'N', 'AUDITED', 'N', NULL, NULL, NULL, NULL, NULL, NULL, NULL, NULL);
INSERT INTO `T_AU_BUTTON` VALUES (90, 'BUT_90', '包装单元8.3', 'BAO_CELL', NULL, 9, 106, 'N', 'AUDITED', 'N', NULL, NULL, NULL, NULL, NULL, NULL, NULL, NULL);
INSERT INTO `T_AU_BUTTON` VALUES (91, 'BUT_91', '装箱单元8.4', 'ZHAUNG_CELL', NULL, 9, 106, 'N', 'AUDITED', 'N', NULL, NULL, NULL, NULL, NULL, NULL, NULL, NULL);
INSERT INTO `T_AU_BUTTON` VALUES (92, 'BUT_92', '克重机8.1', 'KZ1', NULL, 9, 106, 'N', 'AUDITED', 'N', NULL, NULL, NULL, NULL, NULL, NULL, NULL, NULL);
INSERT INTO `T_AU_BUTTON` VALUES (93, 'BUT_93', '克重机8.2', 'KZ2', NULL, 9, 106, 'N', 'AUDITED', 'N', NULL, NULL, NULL, NULL, NULL, NULL, NULL, NULL);
INSERT INTO `T_AU_BUTTON` VALUES (94, 'BUT_94', '克重机8.3', 'KZ3', NULL, 9, 106, 'N', 'AUDITED', 'N', NULL, NULL, NULL, NULL, NULL, NULL, NULL, NULL);
INSERT INTO `T_AU_BUTTON` VALUES (95, 'BUT_95', '油炸机8.4', 'YZ1', NULL, 9, 106, 'N', 'AUDITED', 'N', NULL, NULL, NULL, NULL, NULL, NULL, NULL, NULL);
INSERT INTO `T_AU_BUTTON` VALUES (96, 'BUT_96', '产能效率报表', 'PRO_SELECT', NULL, 9, 106, 'N', 'AUDITED', 'N', NULL, NULL, NULL, NULL, NULL, NULL, NULL, NULL);
INSERT INTO `T_AU_BUTTON` VALUES (97, 'BUT_97', '混合单元报表', 'HUN_SELECT', NULL, 9, 106, 'N', 'AUDITED', 'N', NULL, NULL, NULL, NULL, NULL, NULL, NULL, NULL);
INSERT INTO `T_AU_BUTTON` VALUES (98, 'BUT_98', '油炸单元报表', 'YZ_SELECT', NULL, 9, 106, 'N', 'AUDITED', 'N', NULL, NULL, NULL, NULL, NULL, NULL, NULL, NULL);
INSERT INTO `T_AU_BUTTON` VALUES (99, 'BUT_99', '产线1', 'LINE1', NULL, 1, 0, 'N', 'AUDITED', 'N', NULL, NULL, NULL, NULL, NULL, NULL, NULL, NULL);
INSERT INTO `T_AU_BUTTON` VALUES (100, 'BUT_100', '产线2', 'LINE2', NULL, 1, 0, 'N', 'AUDITED', 'N', NULL, NULL, NULL, NULL, NULL, NULL, NULL, NULL);
INSERT INTO `T_AU_BUTTON` VALUES (101, 'BUT_101', '产线3', 'LINE3', NULL, 1, 0, 'N', 'AUDITED', 'N', NULL, NULL, NULL, NULL, NULL, NULL, NULL, NULL);
INSERT INTO `T_AU_BUTTON` VALUES (102, 'BUT_102', '产线4', 'LINE4', NULL, 1, 0, 'N', 'AUDITED', 'N', NULL, NULL, NULL, NULL, NULL, NULL, NULL, NULL);
INSERT INTO `T_AU_BUTTON` VALUES (103, 'BUT_103', '产线5', 'LINE5', NULL, 1, 0, 'N', 'AUDITED', 'N', NULL, NULL, NULL, NULL, NULL, NULL, NULL, NULL);
INSERT INTO `T_AU_BUTTON` VALUES (104, 'BUT_104', '产线6', 'LINE6', NULL, 1, 0, 'N', 'AUDITED', 'N', NULL, NULL, NULL, NULL, NULL, NULL, NULL, NULL);
INSERT INTO `T_AU_BUTTON` VALUES (105, 'BUT_105', '产线7', 'LINE7', NULL, 1, 0, 'N', 'AUDITED', 'N', NULL, NULL, NULL, NULL, NULL, NULL, NULL, NULL);
INSERT INTO `T_AU_BUTTON` VALUES (106, 'BUT_106', '产线8', 'LINE8', NULL, 1, 0, 'N', 'AUDITED', 'N', NULL, NULL, NULL, NULL, NULL, NULL, NULL, NULL);
INSERT INTO `T_AU_BUTTON` VALUES (107, 'BUT_107', '混合单元1-环境参数报表', 'HUN_SELECT', NULL, 10, 1, 'N', 'AUDITED', 'N', NULL, NULL, NULL, NULL, NULL, NULL, NULL, NULL);
INSERT INTO `T_AU_BUTTON` VALUES (108, 'BUT_108', '油炸单元1-油炸工艺参数报表', 'YZ_SELECT', NULL, 11, 2, 'N', 'AUDITED', 'N', NULL, NULL, NULL, NULL, NULL, NULL, NULL, NULL);
INSERT INTO `T_AU_BUTTON` VALUES (109, 'BUT_109', '油炸单元1-油炸机设备', 'YZ1', NULL, 11, 2, 'N', 'AUDITED', 'N', NULL, NULL, NULL, NULL, NULL, NULL, NULL, NULL);
INSERT INTO `T_AU_BUTTON` VALUES (110, 'BUT_110', '装箱单元1-克重机1', 'KZ1', NULL, 12, 3, 'N', 'AUDITED', 'N', NULL, NULL, NULL, NULL, NULL, NULL, NULL, NULL);
INSERT INTO `T_AU_BUTTON` VALUES (111, 'BUT_111', '装箱单元1-克重机2', 'KZ2', NULL, 12, 3, 'N', 'AUDITED', 'N', NULL, NULL, NULL, NULL, NULL, NULL, NULL, NULL);
INSERT INTO `T_AU_BUTTON` VALUES (112, 'BUT_112', '装箱单元1-克重机3', 'KZ3', NULL, 12, 3, 'N', 'AUDITED', 'N', NULL, NULL, NULL, NULL, NULL, NULL, NULL, NULL);
INSERT INTO `T_AU_BUTTON` VALUES (113, 'BUT_113', '装箱单元1-克重机4', 'KZ4', NULL, 12, 3, 'N', 'AUDITED', 'N', NULL, NULL, NULL, NULL, NULL, NULL, NULL, NULL);
INSERT INTO `T_AU_BUTTON` VALUES (114, 'BUT_114', '装箱单元1-克重机5', 'KZ5', NULL, 12, 3, 'N', 'AUDITED', 'N', NULL, NULL, NULL, NULL, NULL, NULL, NULL, NULL);
INSERT INTO `T_AU_BUTTON` VALUES (115, 'BUT_115', '装箱单元1-克重机6', 'KZ6', NULL, 12, 3, 'N', 'AUDITED', 'N', NULL, NULL, NULL, NULL, NULL, NULL, NULL, NULL);
INSERT INTO `T_AU_BUTTON` VALUES (116, 'BUT_116', '装箱单元1-克重机7', 'KZ7', NULL, 12, 3, 'N', 'AUDITED', 'N', NULL, NULL, NULL, NULL, NULL, NULL, NULL, NULL);
INSERT INTO `T_AU_BUTTON` VALUES (117, 'BUT_117', '装箱单元1-克重机8', 'KZ8', NULL, 12, 3, 'N', 'AUDITED', 'N', NULL, NULL, NULL, NULL, NULL, NULL, NULL, NULL);
INSERT INTO `T_AU_BUTTON` VALUES (118, 'BUT_118', '装箱单元1-克重机9', 'KZ9', NULL, 12, 3, 'N', 'AUDITED', 'N', NULL, NULL, NULL, NULL, NULL, NULL, NULL, NULL);
INSERT INTO `T_AU_BUTTON` VALUES (119, 'BUT_119', '装箱单元1-克重机10', 'KZ10', NULL, 12, 3, 'N', 'AUDITED', 'N', NULL, NULL, NULL, NULL, NULL, NULL, NULL, NULL);
INSERT INTO `T_AU_BUTTON` VALUES (120, 'BUT_120', '混合单元2-环境参数报表', 'HUN_SELECT', NULL, 14, 19, 'N', 'AUDITED', 'N', NULL, NULL, NULL, NULL, NULL, NULL, NULL, NULL);
INSERT INTO `T_AU_BUTTON` VALUES (121, 'BUT_121', '油炸单元2-油炸工艺参数报表', 'YZ_SELECT', NULL, 15, 20, 'N', 'AUDITED', 'N', NULL, NULL, NULL, NULL, NULL, NULL, NULL, NULL);
INSERT INTO `T_AU_BUTTON` VALUES (122, 'BUT_122', '油炸单元2-油炸机设备', 'YZ1', NULL, 15, 20, 'N', 'AUDITED', 'N', NULL, NULL, NULL, NULL, NULL, NULL, NULL, NULL);
INSERT INTO `T_AU_BUTTON` VALUES (123, 'BUT_123', '装箱单元2-克重机1', 'KZ1', NULL, 16, 21, 'N', 'AUDITED', 'N', NULL, NULL, NULL, NULL, NULL, NULL, NULL, NULL);
INSERT INTO `T_AU_BUTTON` VALUES (124, 'BUT_124', '装箱单元2-克重机2', 'KZ2', NULL, 16, 21, 'N', 'AUDITED', 'N', NULL, NULL, NULL, NULL, NULL, NULL, NULL, NULL);
INSERT INTO `T_AU_BUTTON` VALUES (125, 'BUT_125', '装箱单元2-克重机3', 'KZ3', NULL, 16, 21, 'N', 'AUDITED', 'N', NULL, NULL, NULL, NULL, NULL, NULL, NULL, NULL);
INSERT INTO `T_AU_BUTTON` VALUES (126, 'BUT_126', '装箱单元2-克重机4', 'KZ4', NULL, 16, 21, 'N', 'AUDITED', 'N', NULL, NULL, NULL, NULL, NULL, NULL, NULL, NULL);
INSERT INTO `T_AU_BUTTON` VALUES (127, 'BUT_127', '装箱单元2-克重机5', 'KZ5', NULL, 16, 21, 'N', 'AUDITED', 'N', NULL, NULL, NULL, NULL, NULL, NULL, NULL, NULL);
INSERT INTO `T_AU_BUTTON` VALUES (128, 'BUT_128', '装箱单元2-克重机6', 'KZ6', NULL, 16, 21, 'N', 'AUDITED', 'N', NULL, NULL, NULL, NULL, NULL, NULL, NULL, NULL);
INSERT INTO `T_AU_BUTTON` VALUES (129, 'BUT_129', '装箱单元2-克重机7', 'KZ7', NULL, 16, 21, 'N', 'AUDITED', 'N', NULL, NULL, NULL, NULL, NULL, NULL, NULL, NULL);
INSERT INTO `T_AU_BUTTON` VALUES (130, 'BUT_130', '装箱单元2-克重机8', 'KZ8', NULL, 16, 21, 'N', 'AUDITED', 'N', NULL, NULL, NULL, NULL, NULL, NULL, NULL, NULL);
INSERT INTO `T_AU_BUTTON` VALUES (131, 'BUT_131', '装箱单元2-克重机9', 'KZ9', NULL, 16, 21, 'N', 'AUDITED', 'N', NULL, NULL, NULL, NULL, NULL, NULL, NULL, NULL);
INSERT INTO `T_AU_BUTTON` VALUES (132, 'BUT_132', '装箱单元2-克重机10', 'KZ10', NULL, 16, 21, 'N', 'AUDITED', 'N', NULL, NULL, NULL, NULL, NULL, NULL, NULL, NULL);
INSERT INTO `T_AU_BUTTON` VALUES (133, 'BUT_133', '混合单元3-环境参数报表', 'HUN_SELECT', NULL, 18, 37, 'N', 'AUDITED', 'N', NULL, NULL, NULL, NULL, NULL, NULL, NULL, NULL);
INSERT INTO `T_AU_BUTTON` VALUES (134, 'BUT_134', '油炸单元3-油炸工艺参数报表', 'YZ_SELECT', NULL, 19, 38, 'N', 'AUDITED', 'N', NULL, NULL, NULL, NULL, NULL, NULL, NULL, NULL);
INSERT INTO `T_AU_BUTTON` VALUES (135, 'BUT_135', '油炸单元3-油炸机设备', 'YZ1', NULL, 19, 38, 'N', 'AUDITED', 'N', NULL, NULL, NULL, NULL, NULL, NULL, NULL, NULL);
INSERT INTO `T_AU_BUTTON` VALUES (136, 'BUT_136', '装箱单元3-克重机1', 'KZ1', NULL, 20, 39, 'N', 'AUDITED', 'N', NULL, NULL, NULL, NULL, NULL, NULL, NULL, NULL);
INSERT INTO `T_AU_BUTTON` VALUES (137, 'BUT_137', '装箱单元3-克重机2', 'KZ2', NULL, 20, 39, 'N', 'AUDITED', 'N', NULL, NULL, NULL, NULL, NULL, NULL, NULL, NULL);
INSERT INTO `T_AU_BUTTON` VALUES (138, 'BUT_138', '混合单元4-环境参数报表', 'HUN_SELECT', NULL, 22, 47, 'N', 'AUDITED', 'N', NULL, NULL, NULL, NULL, NULL, NULL, NULL, NULL);
INSERT INTO `T_AU_BUTTON` VALUES (139, 'BUT_139', '油炸单元4-油炸工艺参数报表', 'YZ_SELECT', NULL, 23, 48, 'N', 'AUDITED', 'N', NULL, NULL, NULL, NULL, NULL, NULL, NULL, NULL);
INSERT INTO `T_AU_BUTTON` VALUES (140, 'BUT_140', '油炸单元4-油炸机设备', 'YZ1', NULL, 23, 48, 'N', 'AUDITED', 'N', NULL, NULL, NULL, NULL, NULL, NULL, NULL, NULL);
INSERT INTO `T_AU_BUTTON` VALUES (141, 'BUT_141', '装箱单元4-克重机1', 'KZ1', NULL, 24, 49, 'N', 'AUDITED', 'N', NULL, NULL, NULL, NULL, NULL, NULL, NULL, NULL);
INSERT INTO `T_AU_BUTTON` VALUES (142, 'BUT_142', '装箱单元4-克重机2', 'KZ2', NULL, 24, 49, 'N', 'AUDITED', 'N', NULL, NULL, NULL, NULL, NULL, NULL, NULL, NULL);
INSERT INTO `T_AU_BUTTON` VALUES (143, 'BUT_143', '混合单元5-环境参数报表', 'HUN_SELECT', NULL, 26, 57, 'N', 'AUDITED', 'N', NULL, NULL, NULL, NULL, NULL, NULL, NULL, NULL);
INSERT INTO `T_AU_BUTTON` VALUES (144, 'BUT_144', '油炸单元5-油炸工艺参数报表', 'YZ_SELECT', NULL, 27, 58, 'N', 'AUDITED', 'N', NULL, NULL, NULL, NULL, NULL, NULL, NULL, NULL);
INSERT INTO `T_AU_BUTTON` VALUES (145, 'BUT_145', '油炸单元5-油炸机设备', 'YZ1', NULL, 27, 58, 'N', 'AUDITED', 'N', NULL, NULL, NULL, NULL, NULL, NULL, NULL, NULL);
INSERT INTO `T_AU_BUTTON` VALUES (146, 'BUT_146', '装箱单元5-克重机1', 'KZ1', NULL, 28, 59, 'N', 'AUDITED', 'N', NULL, NULL, NULL, NULL, NULL, NULL, NULL, NULL);
INSERT INTO `T_AU_BUTTON` VALUES (147, 'BUT_147', '装箱单元5-克重机2', 'KZ2', NULL, 28, 59, 'N', 'AUDITED', 'N', NULL, NULL, NULL, NULL, NULL, NULL, NULL, NULL);
INSERT INTO `T_AU_BUTTON` VALUES (148, 'BUT_148', '混合单元6-环境参数报表', 'HUN_SELECT', NULL, 30, 67, 'N', 'AUDITED', 'N', NULL, NULL, NULL, NULL, NULL, NULL, NULL, NULL);
INSERT INTO `T_AU_BUTTON` VALUES (149, 'BUT_149', '油炸单元6-油炸工艺参数报表', 'YZ_SELECT', NULL, 31, 68, 'N', 'AUDITED', 'N', NULL, NULL, NULL, NULL, NULL, NULL, NULL, NULL);
INSERT INTO `T_AU_BUTTON` VALUES (150, 'BUT_150', '油炸单元6-油炸机设备', 'YZ1', NULL, 31, 68, 'N', 'AUDITED', 'N', NULL, NULL, NULL, NULL, NULL, NULL, NULL, NULL);
INSERT INTO `T_AU_BUTTON` VALUES (151, 'BUT_151', '装箱单元6-克重机1', 'KZ1', NULL, 32, 69, 'N', 'AUDITED', 'N', NULL, NULL, NULL, NULL, NULL, NULL, NULL, NULL);
INSERT INTO `T_AU_BUTTON` VALUES (152, 'BUT_152', '装箱单元6-克重机2', 'KZ2', NULL, 32, 69, 'N', 'AUDITED', 'N', NULL, NULL, NULL, NULL, NULL, NULL, NULL, NULL);
INSERT INTO `T_AU_BUTTON` VALUES (153, 'BUT_153', '混合单元7-环境参数报表', 'HUN_SELECT', NULL, 34, 77, 'N', 'AUDITED', 'N', NULL, NULL, NULL, NULL, NULL, NULL, NULL, NULL);
INSERT INTO `T_AU_BUTTON` VALUES (154, 'BUT_154', '油炸单元7-油炸工艺参数报表', 'YZ_SELECT', NULL, 35, 78, 'N', 'AUDITED', 'N', NULL, NULL, NULL, NULL, NULL, NULL, NULL, NULL);
INSERT INTO `T_AU_BUTTON` VALUES (155, 'BUT_155', '油炸单元7-油炸机设备', 'YZ1', NULL, 35, 78, 'N', 'AUDITED', 'N', NULL, NULL, NULL, NULL, NULL, NULL, NULL, NULL);
INSERT INTO `T_AU_BUTTON` VALUES (156, 'BUT_156', '装箱单元7-克重机1', 'KZ1', NULL, 36, 79, 'N', 'AUDITED', 'N', NULL, NULL, NULL, NULL, NULL, NULL, NULL, NULL);
INSERT INTO `T_AU_BUTTON` VALUES (157, 'BUT_157', '装箱单元7-克重机2', 'KZ2', NULL, 36, 79, 'N', 'AUDITED', 'N', NULL, NULL, NULL, NULL, NULL, NULL, NULL, NULL);
INSERT INTO `T_AU_BUTTON` VALUES (158, 'BUT_158', '装箱单元7-克重机2', 'KZ3', NULL, 36, 79, 'N', 'AUDITED', 'N', NULL, NULL, NULL, NULL, NULL, NULL, NULL, NULL);
INSERT INTO `T_AU_BUTTON` VALUES (159, 'BUT_159', '混合单元8-环境参数报表', 'HUN_SELECT', NULL, 38, 88, 'N', 'AUDITED', 'N', NULL, NULL, NULL, NULL, NULL, NULL, NULL, NULL);
INSERT INTO `T_AU_BUTTON` VALUES (160, 'BUT_160', '油炸单元8-油炸工艺参数报表', 'YZ_SELECT', NULL, 39, 89, 'N', 'AUDITED', 'N', NULL, NULL, NULL, NULL, NULL, NULL, NULL, NULL);
INSERT INTO `T_AU_BUTTON` VALUES (161, 'BUT_161', '油炸单元8-油炸机设备', 'YZ1', NULL, 39, 89, 'N', 'AUDITED', 'N', NULL, NULL, NULL, NULL, NULL, NULL, NULL, NULL);
INSERT INTO `T_AU_BUTTON` VALUES (162, 'BUT_162', '装箱单元8-克重机1', 'KZ1', NULL, 40, 90, 'N', 'AUDITED', 'N', NULL, NULL, NULL, NULL, NULL, NULL, NULL, NULL);
INSERT INTO `T_AU_BUTTON` VALUES (163, 'BUT_163', '装箱单元8-克重机2', 'KZ2', NULL, 40, 90, 'N', 'AUDITED', 'N', NULL, NULL, NULL, NULL, NULL, NULL, NULL, NULL);
INSERT INTO `T_AU_BUTTON` VALUES (164, 'BUT_164', '装箱单元7-克重机2', 'KZ3', NULL, 40, 90, 'N', 'AUDITED', 'N', NULL, NULL, NULL, NULL, NULL, NULL, NULL, NULL);
INSERT INTO `T_AU_BUTTON` VALUES (165, '001', '测试', 'YOUZHA_CELL', '123', 1, NULL, 'N', 'CREATED', 'N', NULL, NULL, NULL, NULL, '2019-06-03 17:54:12', 3, '2019-06-03 17:54:12', 3);
INSERT INTO `T_AU_BUTTON` VALUES (166, '12312', '测试333333', 'YZ_SELECT', '1234444', 1, 0, 'N', 'CREATED', 'N', NULL, NULL, NULL, NULL, '2019-06-04 09:53:20', 3, '2019-06-04 11:00:07', 3);

-- ----------------------------
-- Table structure for T_AU_COLUMN_PERMISSION
-- ----------------------------
DROP TABLE IF EXISTS `T_AU_COLUMN_PERMISSION`;
CREATE TABLE `T_AU_COLUMN_PERMISSION`  (
  `id` int(11) NOT NULL AUTO_INCREMENT COMMENT '主键',
  `business_domain_id` int(11) NULL DEFAULT NULL COMMENT '业务领域编号',
  `subsystem_id` int(11) NULL DEFAULT NULL COMMENT '业务子系统编号',
  `business_object_id` int(11) NULL DEFAULT NULL COMMENT '业务对象编号',
  `table_name` varchar(32) CHARACTER SET utf8 COLLATE utf8_general_ci NULL DEFAULT NULL COMMENT '表名',
  `column_name` varchar(32) CHARACTER SET utf8 COLLATE utf8_general_ci NULL DEFAULT NULL COMMENT '字段',
  `role_id` int(11) NULL DEFAULT NULL COMMENT '角色id',
  `view_rights` char(1) CHARACTER SET utf8 COLLATE utf8_general_ci NULL DEFAULT NULL COMMENT '查看权',
  `edit_rights` char(1) CHARACTER SET utf8 COLLATE utf8_general_ci NULL DEFAULT NULL COMMENT '编辑权',
  `data_state` char(1) CHARACTER SET utf8 COLLATE utf8_general_ci NULL DEFAULT NULL COMMENT '数据状态',
  `is_delete` char(1) CHARACTER SET utf8 COLLATE utf8_general_ci NULL DEFAULT NULL COMMENT '删除标识',
  `create_time` datetime(0) NULL DEFAULT NULL COMMENT '创建时间',
  `create_user` int(11) NULL DEFAULT NULL COMMENT '创建人',
  `update_time` datetime(0) NULL DEFAULT NULL COMMENT '修改时间',
  `update_user` int(11) NULL DEFAULT NULL COMMENT '修改人',
  PRIMARY KEY (`id`) USING BTREE
) ENGINE = InnoDB AUTO_INCREMENT = 1 CHARACTER SET = utf8 COLLATE = utf8_general_ci ROW_FORMAT = Dynamic;

-- ----------------------------
-- Table structure for T_AU_DATA_RULE
-- ----------------------------
DROP TABLE IF EXISTS `T_AU_DATA_RULE`;
CREATE TABLE `T_AU_DATA_RULE`  (
  `id` int(11) NOT NULL AUTO_INCREMENT COMMENT '主键',
  `data_rule_code` varchar(32) CHARACTER SET utf8 COLLATE utf8_general_ci NULL DEFAULT NULL COMMENT '编码',
  `data_rule_name` varchar(32) CHARACTER SET utf8 COLLATE utf8_general_ci NULL DEFAULT NULL COMMENT '名称',
  `business_object_id` int(11) NULL DEFAULT NULL COMMENT '业务对象',
  `is_system_init` char(1) CHARACTER SET utf8 COLLATE utf8_general_ci NULL DEFAULT NULL COMMENT '是否系统预置',
  `prohibit_state` char(1) CHARACTER SET utf8 COLLATE utf8_general_ci NULL DEFAULT 'N' COMMENT '是否禁用',
  `prohibit_user` int(11) NULL DEFAULT NULL COMMENT '禁用人',
  `prohibit_time` datetime(0) NULL DEFAULT NULL COMMENT '禁用时间',
  `is_delete` char(1) CHARACTER SET utf8 COLLATE utf8_general_ci NULL DEFAULT 'N' COMMENT '删除标识',
  `create_time` datetime(0) NULL DEFAULT NULL COMMENT '创建时间',
  `create_user` int(11) NULL DEFAULT NULL COMMENT '创建人',
  `update_time` datetime(0) NULL DEFAULT NULL COMMENT '修改时间',
  `update_user` int(11) NULL DEFAULT NULL COMMENT '修改人',
  PRIMARY KEY (`id`) USING BTREE
) ENGINE = InnoDB AUTO_INCREMENT = 3 CHARACTER SET = utf8 COLLATE = utf8_general_ci ROW_FORMAT = Dynamic;

-- ----------------------------
-- Records of T_AU_DATA_RULE
-- ----------------------------
INSERT INTO `T_AU_DATA_RULE` VALUES (2, 'CESHI001', '测试数据规则001--修改', 1, 'N', 'N', NULL, NULL, 'Y', '2019-07-08 11:59:36', 1, '2019-07-08 16:10:50', 1);

-- ----------------------------
-- Table structure for T_AU_DATA_RULE_CONDITION
-- ----------------------------
DROP TABLE IF EXISTS `T_AU_DATA_RULE_CONDITION`;
CREATE TABLE `T_AU_DATA_RULE_CONDITION`  (
  `id` int(11) NOT NULL AUTO_INCREMENT COMMENT '主键',
  `data_rule_id` int(11) NULL DEFAULT NULL COMMENT '数据规则id',
  `table_name` varchar(32) CHARACTER SET utf8 COLLATE utf8_general_ci NULL DEFAULT NULL COMMENT '表名',
  `contact_table_id` int(11) NULL DEFAULT NULL COMMENT '关联表id',
  `contact_column` varchar(32) CHARACTER SET utf8 COLLATE utf8_general_ci NULL DEFAULT NULL COMMENT '关联列',
  `left_brackets` varchar(32) CHARACTER SET utf8 COLLATE utf8_general_ci NULL DEFAULT NULL COMMENT '左边括号',
  `right_brackets` varchar(32) CHARACTER SET utf8 COLLATE utf8_general_ci NULL DEFAULT NULL COMMENT '右边括号',
  `column_code` varchar(128) CHARACTER SET utf8 COLLATE utf8_general_ci NULL DEFAULT NULL COMMENT '字段code',
  `column_name` varchar(32) CHARACTER SET utf8 COLLATE utf8_general_ci NULL DEFAULT NULL COMMENT '字段名',
  `compare` varchar(32) CHARACTER SET utf8 COLLATE utf8_general_ci NULL DEFAULT NULL COMMENT '比较',
  `condition_value` varchar(32) CHARACTER SET utf8 COLLATE utf8_general_ci NULL DEFAULT NULL COMMENT '值',
  `logic` varchar(32) CHARACTER SET utf8 COLLATE utf8_general_ci NULL DEFAULT NULL COMMENT '逻辑',
  `sort` varchar(32) CHARACTER SET utf8 COLLATE utf8_general_ci NULL DEFAULT NULL COMMENT '排序',
  `remark` varchar(128) CHARACTER SET utf8 COLLATE utf8_general_ci NULL DEFAULT NULL COMMENT '备注',
  `prohibit_state` char(1) CHARACTER SET utf8 COLLATE utf8_general_ci NULL DEFAULT NULL COMMENT '是否禁用',
  `prohibit_user` int(11) NULL DEFAULT NULL COMMENT '禁用人',
  `prohibit_time` datetime(0) NULL DEFAULT NULL COMMENT '禁用时间',
  `is_delete` char(1) CHARACTER SET utf8 COLLATE utf8_general_ci NULL DEFAULT 'N' COMMENT '删除标识',
  `create_time` datetime(0) NULL DEFAULT NULL COMMENT '创建时间',
  `create_user` int(11) NULL DEFAULT NULL COMMENT '创建人',
  `update_time` datetime(0) NULL DEFAULT NULL COMMENT '修改时间',
  `update_user` int(11) NULL DEFAULT NULL COMMENT '修改人',
  PRIMARY KEY (`id`) USING BTREE
) ENGINE = InnoDB AUTO_INCREMENT = 7 CHARACTER SET = utf8 COLLATE = utf8_general_ci ROW_FORMAT = Dynamic;

-- ----------------------------
-- Records of T_AU_DATA_RULE_CONDITION
-- ----------------------------
INSERT INTO `T_AU_DATA_RULE_CONDITION` VALUES (3, 2, 'T_CUST', 1, 'cust_id', '', '', 'name', '客户名称', '=', '王二麻子', 'or', '', NULL, 'N', 1, '2019-07-08 16:10:01', 'Y', '2019-07-08 11:59:36', 1, '2019-07-08 16:10:50', 1);
INSERT INTO `T_AU_DATA_RULE_CONDITION` VALUES (4, 2, 'T_CUST', 1, 'cust_id', '', '', 'code', '客户编码', '=', 'CUST_001', 'and', '', NULL, 'N', NULL, NULL, 'Y', '2019-07-08 11:59:36', 1, '2019-07-08 11:59:36', 1);
INSERT INTO `T_AU_DATA_RULE_CONDITION` VALUES (5, 2, 'T_CUST', 1, 'cust_id', '', '', 'country', '国家', '=', 'china', 'and', '', NULL, 'N', 1, '2019-07-08 16:10:01', 'Y', '2019-07-08 12:01:04', 1, '2019-07-08 16:10:50', 1);

-- ----------------------------
-- Table structure for T_AU_DEPARTEMNT
-- ----------------------------
DROP TABLE IF EXISTS `T_AU_DEPARTEMNT`;
CREATE TABLE `T_AU_DEPARTEMNT`  (
  `id` int(11) NOT NULL AUTO_INCREMENT COMMENT '主键',
  `create_org_id` int(11) NULL DEFAULT NULL COMMENT '创建组织',
  `use_org_id` int(11) NULL DEFAULT NULL COMMENT '使用组织',
  `dept_code` varchar(32) CHARACTER SET utf8 COLLATE utf8_general_ci NULL DEFAULT NULL COMMENT '部门编码',
  `dept_name` varchar(32) CHARACTER SET utf8 COLLATE utf8_general_ci NULL DEFAULT NULL COMMENT '部门名称',
  `mnemonic_code` varchar(32) CHARACTER SET utf8 COLLATE utf8_general_ci NULL DEFAULT NULL COMMENT '助记码',
  `dept_full_name` varchar(32) CHARACTER SET utf8 COLLATE utf8_general_ci NULL DEFAULT NULL COMMENT '部门全程',
  `dept_group_id` int(11) NULL DEFAULT NULL COMMENT '部门分组',
  `parent_dept_id` int(11) NULL DEFAULT NULL COMMENT '上级部门id',
  `effect_date` date NULL DEFAULT NULL COMMENT '生效日期',
  `abate_date` date NULL DEFAULT NULL COMMENT '失效日期',
  `dept_property` varchar(32) CHARACTER SET utf8 COLLATE utf8_general_ci NULL DEFAULT NULL COMMENT '部门属性（类型）：字典项',
  `data_state` varchar(32) CHARACTER SET utf8 COLLATE utf8_general_ci NULL DEFAULT NULL COMMENT '数据状态',
  `prohibit_state` char(1) CHARACTER SET utf8 COLLATE utf8_general_ci NULL DEFAULT 'N' COMMENT '是否禁用',
  `prohibit_user` int(11) NULL DEFAULT NULL COMMENT '禁用人',
  `prohibit_time` datetime(0) NULL DEFAULT NULL COMMENT '禁用时间',
  `review_user` int(11) NULL DEFAULT NULL COMMENT '审核人',
  `review_time` datetime(0) NULL DEFAULT NULL COMMENT '审核时间',
  `is_delete` char(1) CHARACTER SET utf8 COLLATE utf8_general_ci NULL DEFAULT 'N' COMMENT '删除标识',
  `create_time` datetime(0) NULL DEFAULT NULL COMMENT '创建时间',
  `create_user` int(11) NULL DEFAULT NULL COMMENT '创建时间',
  `update_time` datetime(0) NULL DEFAULT NULL COMMENT '修改时间',
  `update_user` int(11) NULL DEFAULT NULL COMMENT '修改人',
  `summary` varchar(255) CHARACTER SET utf8 COLLATE utf8_general_ci NULL DEFAULT NULL COMMENT '描述',
  PRIMARY KEY (`id`) USING BTREE
) ENGINE = InnoDB AUTO_INCREMENT = 11 CHARACTER SET = utf8 COLLATE = utf8_general_ci ROW_FORMAT = Dynamic;

-- ----------------------------
-- Records of T_AU_DEPARTEMNT
-- ----------------------------
INSERT INTO `T_AU_DEPARTEMNT` VALUES (7, 4, 4, 'BM_7', '测试部门003', 'Bo03M', '测试部门003', NULL, NULL, '2019-04-24', '9999-12-30', 'DP01_SYS', 'AUDIT_IN_PROGRESS', 'N', NULL, NULL, 1, '2019-04-25 11:55:28', 'N', '2019-04-24 16:37:54', 1, '2019-04-25 12:01:40', 1, NULL);
INSERT INTO `T_AU_DEPARTEMNT` VALUES (8, 1, 1, 'BM_8', '测试部门006', 'BoM1', '1', 1, NULL, '2019-04-24', '9999-12-30', 'DP01_SYS', 'AUDITED', 'N', NULL, NULL, 1, '2019-06-19 11:42:40', 'N', '2019-04-24 16:46:38', 1, '2019-06-19 11:42:40', 1, '测试用');
INSERT INTO `T_AU_DEPARTEMNT` VALUES (9, 1, 1, 'BM_9', '123456', '123', '1', 1, 9, NULL, NULL, NULL, 'TEMPORARY_STORAGE', 'N', NULL, NULL, NULL, NULL, 'N', '2019-05-23 16:09:45', 1, '2019-06-13 14:55:55', 1, NULL);
INSERT INTO `T_AU_DEPARTEMNT` VALUES (10, 1, 1, 'BM_10', '456123', '123', '1', 1, 8, NULL, NULL, NULL, 'AUDIT_IN_PROGRESS', 'N', NULL, NULL, NULL, NULL, 'N', '2019-06-04 10:56:48', 3, '2019-06-19 11:14:53', 1, NULL);

-- ----------------------------
-- Table structure for T_AU_DEPT_GROUP
-- ----------------------------
DROP TABLE IF EXISTS `T_AU_DEPT_GROUP`;
CREATE TABLE `T_AU_DEPT_GROUP`  (
  `id` int(11) NOT NULL AUTO_INCREMENT COMMENT '主键',
  `parent_group_id` int(11) NULL DEFAULT NULL COMMENT '父级分组id',
  `dept_group_name` varchar(32) CHARACTER SET utf8 COLLATE utf8_general_ci NULL DEFAULT NULL COMMENT '分组名称',
  `dept_group_code` varchar(32) CHARACTER SET utf8 COLLATE utf8_general_ci NULL DEFAULT NULL COMMENT '分组编码',
  `summary` varchar(128) CHARACTER SET utf8 COLLATE utf8_general_ci NULL DEFAULT NULL COMMENT '描述',
  `is_delete` char(1) CHARACTER SET utf8 COLLATE utf8_general_ci NULL DEFAULT 'N' COMMENT '删除标识',
  `create_time` datetime(0) NULL DEFAULT NULL COMMENT '创建时间',
  `create_user` int(11) NULL DEFAULT NULL COMMENT '创建人',
  `update_time` datetime(0) NULL DEFAULT NULL COMMENT '修改时间',
  `update_user` int(11) NULL DEFAULT NULL COMMENT '修改人',
  PRIMARY KEY (`id`) USING BTREE
) ENGINE = InnoDB AUTO_INCREMENT = 7 CHARACTER SET = utf8 COLLATE = utf8_general_ci ROW_FORMAT = Dynamic;

-- ----------------------------
-- Records of T_AU_DEPT_GROUP
-- ----------------------------
INSERT INTO `T_AU_DEPT_GROUP` VALUES (1, NULL, '测试部门分组001', 'DG001', '测试需要', 'N', '2019-04-26 13:30:42', 1, '2019-04-26 13:30:42', 1);
INSERT INTO `T_AU_DEPT_GROUP` VALUES (2, NULL, '测试部门分组002', 'DG002', '测试需要', 'N', '2019-04-26 13:36:41', 1, '2019-04-26 13:36:41', 1);
INSERT INTO `T_AU_DEPT_GROUP` VALUES (3, NULL, '测试部门分组003', 'DG003', '测试需要', 'N', '2019-04-26 13:39:51', 1, '2019-04-26 13:39:51', 1);
INSERT INTO `T_AU_DEPT_GROUP` VALUES (4, 2, '测试部门分组004', 'DG004', '测试需要', 'N', '2019-04-26 13:42:26', 1, '2019-04-26 13:46:12', 1);
INSERT INTO `T_AU_DEPT_GROUP` VALUES (5, 3, '测试部门分组005', 'DG005', '测试需要', 'N', '2019-04-26 16:28:59', 1, '2019-04-26 16:29:08', 1);
INSERT INTO `T_AU_DEPT_GROUP` VALUES (6, 5, '测试部门分组006', 'DG006', 'SSCC', 'N', '2019-04-26 17:06:26', 1, '2019-04-26 17:06:35', 1);

-- ----------------------------
-- Table structure for T_AU_EMPLOYEE
-- ----------------------------
DROP TABLE IF EXISTS `T_AU_EMPLOYEE`;
CREATE TABLE `T_AU_EMPLOYEE`  (
  `id` int(11) NOT NULL AUTO_INCREMENT COMMENT '主键',
  `employee_name` varchar(32) CHARACTER SET utf8 COLLATE utf8_general_ci NULL DEFAULT NULL COMMENT '员工姓名',
  `employee_code` varchar(32) CHARACTER SET utf8 COLLATE utf8_general_ci NULL DEFAULT NULL COMMENT '员工编号',
  `phone` char(11) CHARACTER SET utf8 COLLATE utf8_general_ci NULL DEFAULT NULL COMMENT '移动电话',
  `mobile` varchar(32) CHARACTER SET utf8 COLLATE utf8_general_ci NULL DEFAULT NULL COMMENT '固定电话',
  `email` varchar(32) CHARACTER SET utf8 COLLATE utf8_general_ci NULL DEFAULT NULL COMMENT '电子邮箱',
  `is_hr_employee` char(1) CHARACTER SET utf8 COLLATE utf8_general_ci NULL DEFAULT 'N' COMMENT 'HR员工',
  `from_s_hr` char(1) CHARACTER SET utf8 COLLATE utf8_general_ci NULL DEFAULT 'N' COMMENT '来源于s-hr',
  `contact_address` varchar(32) CHARACTER SET utf8 COLLATE utf8_general_ci NULL DEFAULT NULL COMMENT '联系地址',
  `image` varchar(128) CHARACTER SET utf8 COLLATE utf8_general_ci NULL DEFAULT NULL COMMENT '头像',
  `nationality` varchar(32) CHARACTER SET utf8 COLLATE utf8_general_ci NULL DEFAULT NULL COMMENT '国籍',
  `nation` varchar(32) CHARACTER SET utf8 COLLATE utf8_general_ci NULL DEFAULT NULL COMMENT '民族',
  `native_place` varchar(32) CHARACTER SET utf8 COLLATE utf8_general_ci NULL DEFAULT NULL COMMENT '籍贯',
  `origin_place` varchar(128) CHARACTER SET utf8 COLLATE utf8_general_ci NULL DEFAULT NULL COMMENT '出身地',
  `stature` varchar(32) CHARACTER SET utf8 COLLATE utf8_general_ci NULL DEFAULT NULL COMMENT '身高',
  `blood_type` varchar(32) CHARACTER SET utf8 COLLATE utf8_general_ci NULL DEFAULT NULL COMMENT '血型',
  `highest_education` varchar(32) CHARACTER SET utf8 COLLATE utf8_general_ci NULL DEFAULT NULL COMMENT '最高学历',
  `age` varchar(32) CHARACTER SET utf8 COLLATE utf8_general_ci NULL DEFAULT NULL COMMENT '年龄',
  `marital_status` varchar(32) CHARACTER SET utf8 COLLATE utf8_general_ci NULL DEFAULT NULL COMMENT '婚姻状况',
  `birth_date` date NULL DEFAULT NULL COMMENT '出生日期',
  `name_used` varchar(32) CHARACTER SET utf8 COLLATE utf8_general_ci NULL DEFAULT NULL COMMENT '曾用名',
  `work_date` date NULL DEFAULT NULL COMMENT '参加工作日期',
  `data_state` varchar(32) CHARACTER SET utf8 COLLATE utf8_general_ci NULL DEFAULT NULL COMMENT '数据状态',
  `summary` varchar(32) CHARACTER SET utf8 COLLATE utf8_general_ci NULL DEFAULT NULL COMMENT '描述',
  `prohibit_state` char(1) CHARACTER SET utf8 COLLATE utf8_general_ci NULL DEFAULT 'N' COMMENT '是否禁用',
  `prohibit_user` int(11) NULL DEFAULT NULL COMMENT '禁用人',
  `prohibit_time` datetime(0) NULL DEFAULT NULL COMMENT '禁用时间',
  `review_user` int(11) NULL DEFAULT NULL COMMENT '审核人',
  `review_time` datetime(0) NULL DEFAULT NULL COMMENT '审核时间',
  `is_delete` char(1) CHARACTER SET utf8 COLLATE utf8_general_ci NULL DEFAULT 'N' COMMENT '删除标识',
  `create_time` datetime(0) NULL DEFAULT NULL COMMENT '创建时间',
  `create_user` int(11) NULL DEFAULT NULL COMMENT '创建人',
  `update_time` datetime(0) NULL DEFAULT NULL COMMENT '修改时间',
  `update_user` int(11) NULL DEFAULT NULL COMMENT '修改人',
  `create_org_id` int(11) NULL DEFAULT NULL COMMENT '创建组织',
  `use_org_id` int(11) NULL DEFAULT NULL COMMENT '使用组织',
  `sex` char(1) CHARACTER SET utf8 COLLATE utf8_general_ci NULL DEFAULT NULL COMMENT '性别',
  PRIMARY KEY (`id`) USING BTREE
) ENGINE = InnoDB AUTO_INCREMENT = 5 CHARACTER SET = utf8 COLLATE = utf8_general_ci COMMENT = '员工信息（包含员工个人详细信息）' ROW_FORMAT = Dynamic;

-- ----------------------------
-- Records of T_AU_EMPLOYEE
-- ----------------------------
INSERT INTO `T_AU_EMPLOYEE` VALUES (1, '孙彬', '123', '17598766987', '6532589', '8405965@qq.com', 'N', 'N', '上海闵行', NULL, 'CHINA', 'HAN', '山东莱芜', '山东莱芜', '174', 'BD_01', 'EDU_01', '25', 'MAP_01', '1994-10-22', '彬彬', '2015-01-10', 'REVIEW_AGAIN', '测试数据走一波', 'Y', 1, '2019-06-19 14:10:16', 1, '2019-06-19 14:10:09', 'N', '2019-05-08 16:42:28', 1, '2019-06-20 14:08:36', 1, 1, 1, '2');
INSERT INTO `T_AU_EMPLOYEE` VALUES (2, '4564654', '1001112561', '17665289658', NULL, '15896587412@qq.com', 'N', 'N', '上海', NULL, NULL, NULL, NULL, NULL, NULL, NULL, NULL, '23', NULL, NULL, NULL, NULL, 'AUDIT_IN_PROGRESS', '测试数据走一波', 'N', 1, '2019-05-09 11:00:07', 1, '2019-05-09 10:59:35', 'N', '2019-05-08 16:53:07', 1, '2019-06-04 10:58:24', 3, 1, 1, '1');
INSERT INTO `T_AU_EMPLOYEE` VALUES (3, '123', '123', NULL, NULL, NULL, 'N', 'N', NULL, NULL, NULL, NULL, NULL, NULL, NULL, NULL, NULL, NULL, NULL, NULL, NULL, NULL, 'CREATED', NULL, 'N', NULL, NULL, NULL, NULL, 'N', '2019-05-23 16:16:41', 1, '2019-05-23 16:16:41', 1, 1, 1, NULL);
INSERT INTO `T_AU_EMPLOYEE` VALUES (4, '测试员工0618', 'date0618', '21312321', NULL, NULL, 'N', 'N', NULL, NULL, NULL, NULL, NULL, NULL, NULL, NULL, NULL, NULL, NULL, NULL, NULL, NULL, 'CREATED', NULL, 'N', NULL, NULL, NULL, NULL, 'N', '2019-06-18 10:48:13', 1, '2019-06-20 09:40:10', 1, 4, 4, NULL);

-- ----------------------------
-- Table structure for T_AU_EMPLOYEE_CARD
-- ----------------------------
DROP TABLE IF EXISTS `T_AU_EMPLOYEE_CARD`;
CREATE TABLE `T_AU_EMPLOYEE_CARD`  (
  `id` int(11) NOT NULL AUTO_INCREMENT,
  `employee_id` int(11) NULL DEFAULT NULL COMMENT '员工id',
  `country` varchar(32) CHARACTER SET utf8 COLLATE utf8_general_ci NULL DEFAULT NULL COMMENT '国家',
  `bank_of_deposit` varchar(32) CHARACTER SET utf8 COLLATE utf8_general_ci NULL DEFAULT NULL COMMENT '开户银行',
  `bank_account` varchar(32) CHARACTER SET utf8 COLLATE utf8_general_ci NULL DEFAULT NULL COMMENT '银行账号',
  `account_name` varchar(32) CHARACTER SET utf8 COLLATE utf8_general_ci NULL DEFAULT NULL COMMENT '账户名称',
  `currency` varchar(32) CHARACTER SET utf8 COLLATE utf8_general_ci NULL DEFAULT NULL COMMENT '币别',
  `is_default` char(1) CHARACTER SET utf8 COLLATE utf8_general_ci NULL DEFAULT NULL COMMENT '是否默认',
  `summary` varchar(128) CHARACTER SET utf8 COLLATE utf8_general_ci NULL DEFAULT NULL COMMENT '描述',
  PRIMARY KEY (`id`) USING BTREE
) ENGINE = InnoDB AUTO_INCREMENT = 7 CHARACTER SET = utf8 COLLATE = utf8_general_ci ROW_FORMAT = Dynamic;

-- ----------------------------
-- Records of T_AU_EMPLOYEE_CARD
-- ----------------------------
INSERT INTO `T_AU_EMPLOYEE_CARD` VALUES (1, 2, 'CHINA', '上海闵行浦发银行', '25688854855666', '孙彬', 'RMB', 'Y', NULL);
INSERT INTO `T_AU_EMPLOYEE_CARD` VALUES (4, 1, 'CHINA', '上海闵行邮政银行', '55555555', '孙', 'RMB', 'Y', NULL);
INSERT INTO `T_AU_EMPLOYEE_CARD` VALUES (5, 4, 'ENGLAND', NULL, NULL, NULL, 'POUND', 'N', NULL);
INSERT INTO `T_AU_EMPLOYEE_CARD` VALUES (6, 4, 'KOREA', NULL, NULL, NULL, 'WON', 'N', NULL);

-- ----------------------------
-- Table structure for T_AU_EMPLOYEE_POSITION
-- ----------------------------
DROP TABLE IF EXISTS `T_AU_EMPLOYEE_POSITION`;
CREATE TABLE `T_AU_EMPLOYEE_POSITION`  (
  `id` int(11) NOT NULL AUTO_INCREMENT COMMENT '主键',
  `employee_id` int(11) NULL DEFAULT NULL COMMENT '员工id',
  `work_org_id` int(11) NULL DEFAULT NULL COMMENT '工作组织',
  `belong_dept_id` int(11) NULL DEFAULT NULL COMMENT '所属部门',
  `director_position_id` int(11) NULL DEFAULT NULL COMMENT '就任岗位',
  `director_position_start_date` date NULL DEFAULT NULL COMMENT '任岗开始日期',
  `is_main_position` char(1) CHARACTER SET utf8 COLLATE utf8_general_ci NULL DEFAULT NULL COMMENT '是否主岗位',
  `is_delete` char(1) CHARACTER SET utf8 COLLATE utf8_general_ci NULL DEFAULT 'N' COMMENT '删除标识',
  `data_state` varchar(32) CHARACTER SET utf8 COLLATE utf8_general_ci NULL DEFAULT NULL COMMENT '数据状态',
  `prohibit_state` char(1) CHARACTER SET utf8 COLLATE utf8_general_ci NULL DEFAULT 'N' COMMENT '是否禁用',
  `prohibit_user` int(11) NULL DEFAULT NULL COMMENT '禁用人',
  `prohibit_time` datetime(0) NULL DEFAULT NULL COMMENT '禁用时间',
  `review_user` int(11) NULL DEFAULT NULL COMMENT '审核人',
  `review_time` datetime(0) NULL DEFAULT NULL COMMENT '审核时间',
  `create_time` datetime(0) NULL DEFAULT NULL COMMENT '创建时间',
  `create_user` int(11) NULL DEFAULT NULL COMMENT '创建人',
  `update_time` datetime(0) NULL DEFAULT NULL COMMENT '修改时间',
  `update_user` int(11) NULL DEFAULT NULL COMMENT '修改人',
  PRIMARY KEY (`id`) USING BTREE
) ENGINE = InnoDB AUTO_INCREMENT = 41 CHARACTER SET = utf8 COLLATE = utf8_general_ci ROW_FORMAT = Dynamic;

-- ----------------------------
-- Records of T_AU_EMPLOYEE_POSITION
-- ----------------------------
INSERT INTO `T_AU_EMPLOYEE_POSITION` VALUES (1, 1, 4, 7, 2, '2019-05-05', 'Y', 'N', 'AUDITED', 'Y', 1, '2019-06-19 15:10:12', 1, '2019-06-19 15:10:05', '2019-05-08 17:16:01', 1, '2019-06-20 14:08:36', 1);
INSERT INTO `T_AU_EMPLOYEE_POSITION` VALUES (2, 1, 4, 7, 3, '2019-05-05', 'N', 'Y', 'AUDIT_IN_PROGRESS', 'N', NULL, NULL, NULL, NULL, '2019-05-08 16:42:28', 1, '2019-05-08 16:42:28', 1);
INSERT INTO `T_AU_EMPLOYEE_POSITION` VALUES (4, 2, 4, 8, 7, '2019-05-05', 'N', 'N', 'AUDIT_IN_PROGRESS', 'N', NULL, NULL, NULL, NULL, '2019-05-08 16:53:07', 1, '2019-06-04 10:58:24', 3);
INSERT INTO `T_AU_EMPLOYEE_POSITION` VALUES (7, 1, 4, 7, 1, '2019-05-10', 'N', 'N', 'REVIEW_AGAIN', 'Y', 1, '2019-06-19 14:10:16', NULL, NULL, '2019-05-10 09:28:36', 1, '2019-06-20 14:08:36', 1);
INSERT INTO `T_AU_EMPLOYEE_POSITION` VALUES (8, 1, 4, 7, 3, '2019-05-10', 'N', 'N', 'REVIEW_AGAIN', 'Y', 1, '2019-06-19 14:10:16', NULL, NULL, '2019-05-10 09:32:03', 1, '2019-06-20 14:08:36', 1);
INSERT INTO `T_AU_EMPLOYEE_POSITION` VALUES (9, 4, 4, 7, 6, '2019-06-20', 'Y', 'N', 'CREATED', 'N', NULL, NULL, NULL, NULL, '2019-06-18 10:48:13', 1, '2019-06-20 09:40:10', 1);
INSERT INTO `T_AU_EMPLOYEE_POSITION` VALUES (10, 2, 4, 7, 2, '2019-06-24', 'N', 'Y', 'CREATED', 'N', NULL, NULL, NULL, NULL, '2019-06-24 16:35:45', 1, '2019-06-24 17:31:30', 1);
INSERT INTO `T_AU_EMPLOYEE_POSITION` VALUES (11, 4, 4, 7, 4, '2019-06-24', 'N', 'N', 'CREATED', 'N', NULL, NULL, NULL, NULL, '2019-06-24 16:42:01', 1, '2019-06-24 16:42:01', 1);
INSERT INTO `T_AU_EMPLOYEE_POSITION` VALUES (12, 3, 4, 7, 3, '2019-06-24', 'N', 'N', 'CREATED', 'N', NULL, NULL, NULL, NULL, '2019-06-24 16:42:37', 1, '2019-06-24 16:42:37', 1);
INSERT INTO `T_AU_EMPLOYEE_POSITION` VALUES (13, 4, 4, 7, 2, '2019-06-24', 'N', 'Y', 'CREATED', 'N', NULL, NULL, NULL, NULL, '2019-06-24 16:59:03', 1, '2019-06-24 17:31:30', 1);
INSERT INTO `T_AU_EMPLOYEE_POSITION` VALUES (14, 3, 4, 7, 2, '2019-06-24', 'N', 'Y', 'CREATED', 'N', NULL, NULL, NULL, NULL, '2019-06-24 16:59:39', 1, '2019-06-24 17:32:30', 1);
INSERT INTO `T_AU_EMPLOYEE_POSITION` VALUES (15, 4, 4, 7, 11, '2019-06-24', 'N', 'Y', 'CREATED', 'N', NULL, NULL, NULL, NULL, '2019-06-24 17:01:02', 1, '2019-06-24 17:33:06', 1);
INSERT INTO `T_AU_EMPLOYEE_POSITION` VALUES (16, 2, 4, 7, 2, '2019-06-24', 'N', 'Y', 'CREATED', 'N', NULL, NULL, NULL, NULL, '2019-06-24 17:34:44', 1, '2019-06-24 17:35:33', 1);
INSERT INTO `T_AU_EMPLOYEE_POSITION` VALUES (17, 4, 4, 7, 2, '2019-06-24', 'N', 'Y', 'CREATED', 'N', NULL, NULL, NULL, NULL, '2019-06-24 17:34:46', 1, '2019-06-24 17:34:54', 1);
INSERT INTO `T_AU_EMPLOYEE_POSITION` VALUES (18, 3, 4, 7, 2, '2019-06-24', 'N', 'Y', 'CREATED', 'N', NULL, NULL, NULL, NULL, '2019-06-24 17:34:48', 1, '2019-06-24 17:34:54', 1);
INSERT INTO `T_AU_EMPLOYEE_POSITION` VALUES (19, 4, 4, 7, 2, '2019-06-24', 'N', 'Y', 'CREATED', 'N', NULL, NULL, NULL, NULL, '2019-06-24 17:35:26', 1, '2019-06-24 17:35:33', 1);
INSERT INTO `T_AU_EMPLOYEE_POSITION` VALUES (20, 3, 4, 7, 2, '2019-06-24', 'N', 'Y', 'CREATED', 'N', NULL, NULL, NULL, NULL, '2019-06-24 17:35:27', 1, '2019-06-24 17:38:05', 1);
INSERT INTO `T_AU_EMPLOYEE_POSITION` VALUES (21, 2, 4, 7, 11, '2019-06-24', 'N', 'Y', 'CREATED', 'N', NULL, NULL, NULL, NULL, '2019-06-24 17:51:44', 1, '2019-06-24 17:57:32', 1);
INSERT INTO `T_AU_EMPLOYEE_POSITION` VALUES (22, 1, 4, 7, 11, '2019-06-24', 'N', 'Y', 'CREATED', 'N', NULL, NULL, NULL, NULL, '2019-06-24 17:51:47', 1, '2019-06-24 17:52:37', 1);
INSERT INTO `T_AU_EMPLOYEE_POSITION` VALUES (23, 4, 4, 7, 11, '2019-06-24', 'N', 'Y', 'CREATED', 'N', NULL, NULL, NULL, NULL, '2019-06-24 17:51:49', 1, '2019-06-24 17:52:37', 1);
INSERT INTO `T_AU_EMPLOYEE_POSITION` VALUES (24, 3, 4, 7, 11, '2019-06-24', 'N', 'Y', 'CREATED', 'N', NULL, NULL, NULL, NULL, '2019-06-24 17:51:51', 1, '2019-06-24 17:54:15', 1);
INSERT INTO `T_AU_EMPLOYEE_POSITION` VALUES (25, 1, 4, 7, 11, '2019-06-24', 'N', 'Y', 'CREATED', 'N', NULL, NULL, NULL, NULL, '2019-06-24 17:53:33', 1, '2019-06-24 17:54:15', 1);
INSERT INTO `T_AU_EMPLOYEE_POSITION` VALUES (26, 4, 4, 7, 11, '2019-06-24', 'N', 'Y', 'CREATED', 'N', NULL, NULL, NULL, NULL, '2019-06-24 17:53:36', 1, '2019-06-24 17:55:02', 1);
INSERT INTO `T_AU_EMPLOYEE_POSITION` VALUES (27, 1, 4, 7, 11, '2019-06-24', 'N', 'Y', 'CREATED', 'N', NULL, NULL, NULL, NULL, '2019-06-24 17:54:26', 1, '2019-06-24 17:55:02', 1);
INSERT INTO `T_AU_EMPLOYEE_POSITION` VALUES (28, 3, 4, 7, 11, '2019-06-24', 'N', 'Y', 'CREATED', 'N', NULL, NULL, NULL, NULL, '2019-06-24 17:54:29', 1, '2019-06-24 17:57:18', 1);
INSERT INTO `T_AU_EMPLOYEE_POSITION` VALUES (29, 4, 4, 7, 11, '2019-06-24', 'N', 'Y', 'CREATED', 'N', NULL, NULL, NULL, NULL, '2019-06-24 17:55:09', 1, '2019-06-24 17:57:32', 1);
INSERT INTO `T_AU_EMPLOYEE_POSITION` VALUES (30, 1, 4, 7, 11, '2019-06-24', 'N', 'Y', 'CREATED', 'N', NULL, NULL, NULL, NULL, '2019-06-24 17:59:08', 1, '2019-06-24 18:01:58', 1);
INSERT INTO `T_AU_EMPLOYEE_POSITION` VALUES (31, 2, 4, 7, 11, '2019-06-24', 'N', 'Y', 'CREATED', 'N', NULL, NULL, NULL, NULL, '2019-06-24 17:59:11', 1, '2019-06-24 18:02:11', 1);
INSERT INTO `T_AU_EMPLOYEE_POSITION` VALUES (32, 3, 4, 7, 11, '2019-06-24', 'N', 'Y', 'CREATED', 'N', NULL, NULL, NULL, NULL, '2019-06-24 17:59:14', 1, '2019-06-24 17:59:39', 1);
INSERT INTO `T_AU_EMPLOYEE_POSITION` VALUES (33, 4, 4, 7, 11, '2019-06-24', 'N', 'Y', 'CREATED', 'N', NULL, NULL, NULL, NULL, '2019-06-24 17:59:16', 1, '2019-06-24 17:59:19', 1);
INSERT INTO `T_AU_EMPLOYEE_POSITION` VALUES (34, 1, 4, 7, 11, '2019-06-24', 'N', 'Y', 'CREATED', 'N', NULL, NULL, NULL, NULL, '2019-06-24 18:04:35', 1, '2019-06-24 18:05:00', 1);
INSERT INTO `T_AU_EMPLOYEE_POSITION` VALUES (35, 2, 4, 7, 11, '2019-06-24', 'N', 'Y', 'CREATED', 'N', NULL, NULL, NULL, NULL, '2019-06-24 18:04:37', 1, '2019-06-24 18:06:13', 1);
INSERT INTO `T_AU_EMPLOYEE_POSITION` VALUES (36, 3, 4, 7, 11, '2019-06-24', 'N', 'Y', 'CREATED', 'N', NULL, NULL, NULL, NULL, '2019-06-24 18:04:38', 1, '2019-06-24 18:05:54', 1);
INSERT INTO `T_AU_EMPLOYEE_POSITION` VALUES (37, 4, 4, 7, 11, '2019-06-24', 'N', 'Y', 'CREATED', 'N', NULL, NULL, NULL, NULL, '2019-06-24 18:04:40', 1, '2019-06-24 18:06:25', 1);
INSERT INTO `T_AU_EMPLOYEE_POSITION` VALUES (38, 2, 4, 7, 11, '2019-06-24', 'N', 'Y', 'CREATED', 'N', NULL, NULL, NULL, NULL, '2019-06-24 18:06:21', 1, '2019-06-24 18:06:25', 1);
INSERT INTO `T_AU_EMPLOYEE_POSITION` VALUES (39, 3, 4, 7, 2, '2019-06-25', 'N', 'Y', 'CREATED', 'N', NULL, NULL, NULL, NULL, '2019-06-25 09:59:10', 1, '2019-06-25 09:59:13', 1);
INSERT INTO `T_AU_EMPLOYEE_POSITION` VALUES (40, 3, 4, 7, 2, '2019-06-25', 'N', 'N', 'CREATED', 'N', NULL, NULL, NULL, NULL, '2019-06-25 09:59:34', 1, '2019-06-25 09:59:34', 1);

-- ----------------------------
-- Table structure for T_AU_MENU
-- ----------------------------
DROP TABLE IF EXISTS `T_AU_MENU`;
CREATE TABLE `T_AU_MENU`  (
  `id` int(11) NOT NULL AUTO_INCREMENT COMMENT '主键',
  `menu_code` varchar(32) CHARACTER SET utf8 COLLATE utf8_general_ci NULL DEFAULT NULL COMMENT '菜单编码',
  `menu_name` varchar(32) CHARACTER SET utf8 COLLATE utf8_general_ci NULL DEFAULT NULL COMMENT '菜单名称',
  `menu_icon` varchar(32) CHARACTER SET utf8 COLLATE utf8_general_ci NULL DEFAULT NULL COMMENT '菜单icon',
  `parent_id` int(11) NULL DEFAULT NULL COMMENT '父级菜单id',
  `sort` int(11) NULL DEFAULT NULL COMMENT '排序号',
  `level` int(11) NULL DEFAULT NULL COMMENT '菜单等级',
  `menu_path` varchar(32) CHARACTER SET utf8 COLLATE utf8_general_ci NULL DEFAULT NULL COMMENT '资源路径',
  `menu_component` varchar(32) CHARACTER SET utf8 COLLATE utf8_general_ci NULL DEFAULT NULL COMMENT '前端组件',
  `summary` varchar(255) CHARACTER SET utf8 COLLATE utf8_general_ci NULL DEFAULT NULL COMMENT '描述',
  `data_state` varchar(32) CHARACTER SET utf8 COLLATE utf8_general_ci NULL DEFAULT NULL COMMENT '数据状态',
  `prohibit_state` char(1) CHARACTER SET utf8 COLLATE utf8_general_ci NULL DEFAULT 'N' COMMENT '是否禁用',
  `prohibit_user` int(11) NULL DEFAULT NULL COMMENT '禁用人',
  `prohibit_time` datetime(0) NULL DEFAULT NULL COMMENT '禁用时间',
  `review_user` int(11) NULL DEFAULT NULL COMMENT '审核人',
  `review_time` datetime(0) NULL DEFAULT NULL COMMENT '审核时间',
  `is_delete` char(1) CHARACTER SET utf8 COLLATE utf8_general_ci NULL DEFAULT 'N' COMMENT '删除标识',
  `create_time` datetime(0) NULL DEFAULT NULL COMMENT '创建时间',
  `create_user` int(11) NULL DEFAULT NULL COMMENT '创建用户',
  `update_time` datetime(0) NULL DEFAULT NULL COMMENT '修改时间',
  `update_user` int(11) NULL DEFAULT NULL COMMENT '修改用户',
  `is_menu_and_button` char(1) CHARACTER SET utf8 COLLATE utf8_general_ci NULL DEFAULT NULL COMMENT '是否为菜单且为可点击按钮',
  PRIMARY KEY (`id`) USING BTREE
) ENGINE = InnoDB AUTO_INCREMENT = 45 CHARACTER SET = utf8 COLLATE = utf8_general_ci COMMENT = '菜单资源表' ROW_FORMAT = Dynamic;

-- ----------------------------
-- Records of T_AU_MENU
-- ----------------------------
INSERT INTO `T_AU_MENU` VALUES (1, 'first_page', '首页', NULL, 0, 1, 1, '/sys/index', NULL, '首页', 'AUDITED', 'N', NULL, NULL, NULL, NULL, 'N', '2019-05-16 11:22:43', 1, '2019-05-29 17:11:50', 1, 'N');
INSERT INTO `T_AU_MENU` VALUES (2, 'line_one', '产线一', NULL, 42, 111, 2, '/sys/user/index', NULL, '产线一', 'AUDITED', 'N', 1, '2019-06-19 15:16:36', NULL, NULL, 'N', '2019-05-16 11:24:05', 1, '2019-06-19 15:16:36', 1, 'Y');
INSERT INTO `T_AU_MENU` VALUES (3, 'line_two', '产线二', NULL, 42, 12, 2, '/sys/role/index', NULL, '产线二', 'AUDITED', 'N', NULL, NULL, NULL, NULL, 'N', '2019-05-16 11:24:44', 1, '2019-05-16 11:24:44', 1, 'Y');
INSERT INTO `T_AU_MENU` VALUES (4, 'line_three', '产线三', NULL, 42, 13, 2, '/sys/permission/index', NULL, '产线三', 'AUDITED', 'N', NULL, NULL, NULL, NULL, 'N', '2019-05-16 11:25:48', 1, '2019-05-16 17:20:27', 1, 'Y');
INSERT INTO `T_AU_MENU` VALUES (5, 'line_four', '产线四', NULL, 42, 14, 2, '/sys/role/index/add', NULL, '产线四', 'AUDITED', 'N', NULL, NULL, NULL, NULL, 'N', '2019-05-16 19:43:54', 1, '2019-05-29 17:22:51', 1, 'Y');
INSERT INTO `T_AU_MENU` VALUES (6, 'line_five', '产线五', NULL, 42, 15, 2, '/sys/role/index/add', NULL, '产线五', 'AUDITED', 'N', NULL, NULL, NULL, NULL, 'N', '2019-05-16 19:55:04', 1, '2019-05-16 19:55:04', 1, 'Y');
INSERT INTO `T_AU_MENU` VALUES (7, 'line_six', '产线六', NULL, 42, 16, 2, '123', NULL, '产线六', 'AUDITED', 'N', 1, '2019-06-19 15:34:11', NULL, NULL, 'N', '2019-05-23 16:47:09', 1, '2019-06-19 15:34:11', 1, 'Y');
INSERT INTO `T_AU_MENU` VALUES (8, 'line_seven', '产线七', NULL, 42, 17, 2, NULL, NULL, '产线七', 'AUDITED', 'N', NULL, NULL, NULL, NULL, 'N', '2019-05-31 13:20:48', 1, '2019-05-31 13:21:06', 1, 'Y');
INSERT INTO `T_AU_MENU` VALUES (9, 'line_eight', '产线八', NULL, 42, 18, 2, NULL, NULL, '产线八', 'AUDITED', 'N', NULL, NULL, NULL, NULL, 'N', '2019-05-31 13:20:51', 1, '2019-05-31 13:21:09', 1, 'Y');
INSERT INTO `T_AU_MENU` VALUES (10, 'hunhe_workcell_1', '混合单元', NULL, 4, 21, 3, '123', NULL, '混合单元', 'AUDITED', '0', NULL, NULL, NULL, NULL, 'N', '2019-05-31 13:20:54', 1, '2019-06-20 15:19:07', 1, 'Y');
INSERT INTO `T_AU_MENU` VALUES (11, 'youzha_workcell_1', '油炸单元', NULL, 2, 22, 3, NULL, NULL, '油炸单元', 'AUDITED', '0', NULL, NULL, NULL, NULL, 'N', '2019-05-31 13:20:57', 1, '2019-05-31 13:21:18', 1, 'Y');
INSERT INTO `T_AU_MENU` VALUES (12, 'baozhuang_workcell_1', '包装单元', NULL, 2, 23, 3, NULL, NULL, '包装单元', 'AUDITED', '0', NULL, NULL, NULL, NULL, 'N', '2019-05-31 13:21:01', 1, '2019-05-31 13:21:22', 1, 'Y');
INSERT INTO `T_AU_MENU` VALUES (13, 'zhaungxiang_workcell_1', '装箱单元', NULL, 2, 24, 3, NULL, NULL, '装箱单元', 'AUDITED', '0', NULL, NULL, NULL, NULL, 'N', '2019-05-31 13:21:04', 1, '2019-05-31 13:21:25', 1, 'Y');
INSERT INTO `T_AU_MENU` VALUES (14, 'hunhe_workcell_2', '混合单元_2', NULL, 3, 31, 3, NULL, NULL, '混合单元_2', 'AUDITED', '0', NULL, NULL, NULL, NULL, 'N', NULL, NULL, NULL, NULL, 'Y');
INSERT INTO `T_AU_MENU` VALUES (15, 'youzha_workcell_2', '油炸单元_2', NULL, 3, 32, 3, NULL, NULL, '油炸单元_2', 'AUDITED', '0', NULL, NULL, NULL, NULL, 'N', NULL, NULL, NULL, NULL, 'Y');
INSERT INTO `T_AU_MENU` VALUES (16, 'baozhuang_workcell_2', '包装单元_2', NULL, 3, 33, 3, NULL, NULL, '包装单元_2', 'AUDITED', '0', NULL, NULL, NULL, NULL, 'N', NULL, NULL, NULL, NULL, 'Y');
INSERT INTO `T_AU_MENU` VALUES (17, 'zhaungxiang_workcell_2', '装箱单元_2', NULL, 3, 34, 3, NULL, NULL, '装箱单元_2', 'AUDITED', '0', NULL, NULL, NULL, NULL, 'N', NULL, NULL, NULL, NULL, 'Y');
INSERT INTO `T_AU_MENU` VALUES (18, 'hunhe_workcell_3', '混合单元_3', NULL, 4, 41, 3, NULL, NULL, '混合单元_3', 'AUDITED', '0', NULL, NULL, NULL, NULL, 'N', NULL, NULL, NULL, NULL, 'Y');
INSERT INTO `T_AU_MENU` VALUES (19, 'youzha_workcell_3', '油炸单元_3', NULL, 4, 42, 3, NULL, NULL, '油炸单元_3', 'AUDITED', '0', NULL, NULL, NULL, NULL, 'N', NULL, NULL, NULL, NULL, 'Y');
INSERT INTO `T_AU_MENU` VALUES (20, 'baozhuang_workcell_3', '包装单元_3', NULL, 4, 43, 3, NULL, NULL, '包装单元_3', 'AUDITED', '0', NULL, NULL, NULL, NULL, 'N', NULL, NULL, NULL, NULL, 'Y');
INSERT INTO `T_AU_MENU` VALUES (21, 'zhaungxiang_workcell_3', '装箱单元_3', NULL, 4, 44, 3, NULL, NULL, '装箱单元_3', 'AUDITED', '0', NULL, NULL, NULL, NULL, 'N', NULL, NULL, NULL, NULL, 'Y');
INSERT INTO `T_AU_MENU` VALUES (22, 'hunhe_workcell_4', '混合单元_4', NULL, 5, 51, 3, NULL, NULL, '混合单元_4', 'AUDITED', '0', NULL, NULL, NULL, NULL, 'N', NULL, NULL, NULL, NULL, 'Y');
INSERT INTO `T_AU_MENU` VALUES (23, 'youzha_workcell_4', '油炸单元_4', NULL, 5, 52, 3, NULL, NULL, '油炸单元_4', 'AUDITED', '0', NULL, NULL, NULL, NULL, 'N', NULL, NULL, NULL, NULL, 'Y');
INSERT INTO `T_AU_MENU` VALUES (24, 'baozhuang_workcell_4', '包装单元_4', NULL, 5, 53, 3, NULL, NULL, '包装单元_4', 'AUDITED', '0', NULL, NULL, NULL, NULL, 'N', NULL, NULL, NULL, NULL, 'Y');
INSERT INTO `T_AU_MENU` VALUES (25, 'zhaungxiang_workcell_4', '装箱单元_4', NULL, 5, 54, 3, NULL, NULL, '装箱单元_4', 'AUDITED', '0', NULL, NULL, NULL, NULL, 'N', NULL, NULL, NULL, NULL, 'Y');
INSERT INTO `T_AU_MENU` VALUES (26, 'hunhe_workcell_5', '混合单元_5', NULL, 6, 61, 3, NULL, NULL, '混合单元_5', 'AUDITED', '0', NULL, NULL, NULL, NULL, 'N', NULL, NULL, NULL, NULL, 'Y');
INSERT INTO `T_AU_MENU` VALUES (27, 'youzha_workcell_5', '油炸单元_5', NULL, 6, 62, 3, NULL, NULL, '油炸单元_5', 'AUDITED', '0', NULL, NULL, NULL, NULL, 'N', NULL, NULL, NULL, NULL, 'Y');
INSERT INTO `T_AU_MENU` VALUES (28, 'baozhuang_workcell_5', '包装单元_5', NULL, 6, 63, 3, NULL, NULL, '包装单元_5', 'AUDITED', '0', NULL, NULL, NULL, NULL, 'N', NULL, NULL, NULL, NULL, 'Y');
INSERT INTO `T_AU_MENU` VALUES (29, 'zhaungxiang_workcell_5', '装箱单元_5', NULL, 6, 64, 3, NULL, NULL, '装箱单元_5', 'AUDITED', '0', NULL, NULL, NULL, NULL, 'N', NULL, NULL, NULL, NULL, 'Y');
INSERT INTO `T_AU_MENU` VALUES (30, 'hunhe_workcell_6', '混合单元_6', NULL, 7, 71, 3, NULL, NULL, '混合单元_6', 'AUDITED', '0', NULL, NULL, NULL, NULL, 'N', NULL, NULL, NULL, NULL, 'Y');
INSERT INTO `T_AU_MENU` VALUES (31, 'youzha_workcell_6', '油炸单元_6', NULL, 7, 72, 3, NULL, NULL, '油炸单元_6', 'AUDITED', '0', NULL, NULL, NULL, NULL, 'N', NULL, NULL, NULL, NULL, 'Y');
INSERT INTO `T_AU_MENU` VALUES (32, 'baozhuang_workcell_6', '包装单元_6', NULL, 7, 73, 3, NULL, NULL, '包装单元_6', 'AUDITED', '0', NULL, NULL, NULL, NULL, 'N', NULL, NULL, NULL, NULL, 'Y');
INSERT INTO `T_AU_MENU` VALUES (33, 'zhaungxiang_workcell_6', '装箱单元_6', NULL, 7, 74, 3, NULL, NULL, '装箱单元_6', 'AUDITED', '0', NULL, NULL, NULL, NULL, 'N', NULL, NULL, NULL, NULL, 'Y');
INSERT INTO `T_AU_MENU` VALUES (34, 'hunhe_workcell_7', '混合单元_7', NULL, 8, 81, 3, NULL, NULL, '混合单元_7', 'AUDITED', '0', NULL, NULL, NULL, NULL, 'N', NULL, NULL, NULL, NULL, 'Y');
INSERT INTO `T_AU_MENU` VALUES (35, 'youzha_workcell_7', '油炸单元_7', NULL, 8, 82, 3, NULL, NULL, '油炸单元_7', 'AUDITED', '0', NULL, NULL, NULL, NULL, 'N', NULL, NULL, NULL, NULL, 'Y');
INSERT INTO `T_AU_MENU` VALUES (36, 'baozhuang_workcell_7', '包装单元_7', NULL, 8, 83, 3, NULL, NULL, '包装单元_7', 'AUDITED', '0', NULL, NULL, NULL, NULL, 'N', NULL, NULL, NULL, NULL, 'Y');
INSERT INTO `T_AU_MENU` VALUES (37, 'zhaungxiang_workcell_7', '装箱单元_7', NULL, 8, 84, 3, NULL, NULL, '装箱单元_7', 'AUDITED', '0', NULL, NULL, NULL, NULL, 'N', NULL, NULL, NULL, NULL, 'Y');
INSERT INTO `T_AU_MENU` VALUES (38, 'hunhe_workcell_8', '混合单元_8', NULL, 9, 91, 3, NULL, NULL, '混合单元_8', 'AUDITED', '0', NULL, NULL, NULL, NULL, 'N', NULL, NULL, NULL, NULL, 'Y');
INSERT INTO `T_AU_MENU` VALUES (39, 'youzha_workcell_8', '油炸单元_8', NULL, 9, 92, 3, NULL, NULL, '油炸单元_8', 'AUDITED', '0', NULL, NULL, NULL, NULL, 'N', NULL, NULL, NULL, NULL, 'Y');
INSERT INTO `T_AU_MENU` VALUES (40, 'baozhuang_workcell_8', '包装单元_8', NULL, 9, 93, 3, NULL, NULL, '包装单元_8', 'AUDITED', '0', NULL, NULL, NULL, NULL, 'N', NULL, NULL, NULL, NULL, 'Y');
INSERT INTO `T_AU_MENU` VALUES (41, 'zhaungxiang_workcell_8', '装箱单元_8', NULL, 9, 93, 3, NULL, NULL, '装箱单元_8', 'AUDITED', '0', NULL, NULL, NULL, NULL, 'N', NULL, NULL, NULL, NULL, 'Y');
INSERT INTO `T_AU_MENU` VALUES (42, 'line_all', '产线总览', NULL, 0, 2, 1, NULL, NULL, '产线总览', 'AUDITED', 'N', NULL, NULL, NULL, NULL, 'N', NULL, NULL, NULL, NULL, 'N');
INSERT INTO `T_AU_MENU` VALUES (43, '1231212', '123', '12312312', 3, 12312312, 12312, '1231231', '312312', '123123123', 'CREATED', 'N', NULL, NULL, NULL, NULL, 'N', '2019-06-20 15:17:07', 1, '2019-06-20 15:17:07', 1, 'Y');
INSERT INTO `T_AU_MENU` VALUES (44, '123123123', '12312123', '21312312231', 6, 12312312, 12312312, '123123123', '123123123', '12312312', 'CREATED', 'N', NULL, NULL, NULL, NULL, 'N', '2019-06-20 15:17:45', 1, '2019-06-20 16:08:03', 1, 'Y');

-- ----------------------------
-- Table structure for T_AU_ORGANIZATION
-- ----------------------------
DROP TABLE IF EXISTS `T_AU_ORGANIZATION`;
CREATE TABLE `T_AU_ORGANIZATION`  (
  `id` int(11) NOT NULL AUTO_INCREMENT COMMENT '主键',
  `org_code` varchar(32) CHARACTER SET utf8 COLLATE utf8_general_ci NOT NULL COMMENT '组织编码',
  `org_name` varchar(32) CHARACTER SET utf8 COLLATE utf8_general_ci NULL DEFAULT NULL COMMENT '组织名称',
  `org_form_id` varchar(32) CHARACTER SET utf8 COLLATE utf8_general_ci NULL DEFAULT NULL COMMENT '组织形态------暂不深入考虑，冗余字段设计',
  `zip_code` varchar(32) CHARACTER SET utf8 COLLATE utf8_general_ci NULL DEFAULT NULL COMMENT '邮编',
  `contacts` varchar(32) CHARACTER SET utf8 COLLATE utf8_general_ci NULL DEFAULT NULL COMMENT '联系人',
  `telephone` varchar(32) CHARACTER SET utf8 COLLATE utf8_general_ci NULL DEFAULT NULL COMMENT '联系电话',
  `address` varchar(128) CHARACTER SET utf8 COLLATE utf8_general_ci NULL DEFAULT NULL COMMENT '地址',
  `summary` varchar(128) CHARACTER SET utf8 COLLATE utf8_general_ci NULL DEFAULT NULL COMMENT '描述',
  `is_accountancy_org` char(1) CHARACTER SET utf8 COLLATE utf8_general_ci NULL DEFAULT NULL COMMENT '组织分类：业务组织/核算组织---暂不深入设计，冗余字段\r\n            ',
  `accountancy_org_type` varchar(32) CHARACTER SET utf8 COLLATE utf8_general_ci NULL DEFAULT NULL COMMENT '核算组织类型，暂无',
  `is_operation_org` char(1) CHARACTER SET utf8 COLLATE utf8_general_ci NULL DEFAULT NULL COMMENT '是否业务组织Y/N',
  `org_function_type` varchar(128) CHARACTER SET utf8 COLLATE utf8_general_ci NULL DEFAULT NULL COMMENT '组织职能类型，暂无',
  `legal_person` int(11) NULL DEFAULT NULL COMMENT '所属法人：组织机构编号',
  `data_state` varchar(32) CHARACTER SET utf8 COLLATE utf8_general_ci NULL DEFAULT NULL COMMENT '数据状态：10：暂存20：创建30：审核中40：已审核50：重新审核\r\n            ',
  `prohibit_state` char(1) CHARACTER SET utf8 COLLATE utf8_general_ci NULL DEFAULT 'N' COMMENT '是否禁用Y/N',
  `prohibit_user` int(11) NULL DEFAULT NULL COMMENT '禁用人',
  `prohibit_time` datetime(0) NULL DEFAULT NULL COMMENT '禁用时间',
  `review_user` int(11) NULL DEFAULT NULL COMMENT '审核人',
  `review_time` datetime(0) NULL DEFAULT NULL COMMENT '审核时间',
  `is_delete` char(1) CHARACTER SET utf8 COLLATE utf8_general_ci NULL DEFAULT 'N' COMMENT '删除标识Y/N',
  `is_synchronous_barter` char(1) CHARACTER SET utf8 COLLATE utf8_general_ci NULL DEFAULT NULL COMMENT '是否同步管易货主：冗余字段',
  `create_time` datetime(0) NULL DEFAULT NULL ON UPDATE CURRENT_TIMESTAMP(0) COMMENT '创建时间',
  `create_user` int(11) NULL DEFAULT NULL COMMENT '创建人',
  `update_time` datetime(0) NULL DEFAULT NULL ON UPDATE CURRENT_TIMESTAMP(0) COMMENT '修改时间',
  `update_user` int(11) NULL DEFAULT NULL COMMENT '修改人',
  PRIMARY KEY (`id`) USING BTREE,
  UNIQUE INDEX `组织机构编码唯一约束`(`org_code`, `org_name`) USING BTREE
) ENGINE = InnoDB AUTO_INCREMENT = 20 CHARACTER SET = utf8 COLLATE = utf8_general_ci COMMENT = '组织机构表' ROW_FORMAT = Dynamic;

-- ----------------------------
-- Records of T_AU_ORGANIZATION
-- ----------------------------
INSERT INTO `T_AU_ORGANIZATION` VALUES (1, 'CESHI_001', '测试组织001', 'HEAD_OFFICE', '2566369', NULL, '17665488795', '上海市闵行', '测试组织机构新增', 'Y', 'LEGAL_PERSON', 'N', NULL, 1, 'AUDIT_IN_PROGRESS', 'N', NULL, NULL, NULL, NULL, 'N', NULL, '2019-05-11 09:55:59', NULL, '2019-07-03 16:06:51', 1);
INSERT INTO `T_AU_ORGANIZATION` VALUES (3, 'CESHI_0011', '测试组织00', 'OFFICE', '2566369', NULL, '17665488795', '上海市闵行', '测试组织机构新增3', 'Y', 'PROFIT_CENTER', 'N', NULL, 1, 'AUDITED', 'N', NULL, NULL, NULL, NULL, 'N', NULL, '2019-05-11 09:54:34', NULL, '2019-05-11 09:54:34', 1);
INSERT INTO `T_AU_ORGANIZATION` VALUES (4, 'CESHI_004', '测试组织004', 'HEAD_OFFICE', '2566369', NULL, '17665488795', '上海市闵行', '测试组织机构新增3', 'Y', 'PROFIT_CENTER', 'N', '', 1, 'AUDITED', 'N', NULL, NULL, NULL, NULL, 'N', NULL, '2019-05-28 16:23:49', 1, '2019-05-28 16:23:49', 1);
INSERT INTO `T_AU_ORGANIZATION` VALUES (14, 'CESHI_007', '测试组织007', 'HEAD_OFFICE', '2566369', NULL, '17665488795', '上海市闵行', '测试组织机构新增3', 'Y', 'LEGAL_PERSON', 'N', '', 14, 'AUDITED', 'N', NULL, NULL, NULL, NULL, 'N', NULL, '2019-05-27 11:38:50', 1, '2019-05-27 11:38:52', 1);
INSERT INTO `T_AU_ORGANIZATION` VALUES (15, 'CESHI_008', '测试组织008', 'OFFICE', '2566369', NULL, '17665488795', '上海市闵行', '测试组织机构新增3', 'Y', 'LEGAL_PERSON', 'N', NULL, 15, 'AUDITED', 'N', NULL, NULL, NULL, NULL, 'N', NULL, '2019-05-11 09:56:03', 1, '2019-05-11 09:56:03', 1);
INSERT INTO `T_AU_ORGANIZATION` VALUES (16, 'CESHI_009', '测试组织009', 'OFFICE', '2566369', NULL, '17665488795', '上海市闵行', '测试组织机构新增3', 'Y', 'LEGAL_PERSON', 'Y', 'FUNC_001,FUNC_002,FUNC_003,FUNC_004', 16, 'AUDITED', 'N', NULL, NULL, NULL, NULL, 'N', NULL, '2019-06-04 10:49:21', 1, '2019-06-04 10:49:22', 1);
INSERT INTO `T_AU_ORGANIZATION` VALUES (17, 'data0618', '测试0618', 'BU', NULL, NULL, NULL, NULL, NULL, 'Y', 'LEGAL_PERSON', 'N', '', 17, 'AUDIT_IN_PROGRESS', 'N', NULL, NULL, NULL, NULL, 'N', NULL, '2019-06-18 17:38:53', 1, '2019-06-18 17:39:04', 1);
INSERT INTO `T_AU_ORGANIZATION` VALUES (18, '多福多寿', '的私服都是', 'HEAD_OFFICE', NULL, NULL, NULL, NULL, NULL, 'Y', 'PROFIT_CENTER', 'N', '', 17, 'AUDIT_IN_PROGRESS', 'N', NULL, NULL, NULL, NULL, 'N', NULL, '2019-06-18 17:42:31', 1, '2019-06-18 17:42:47', 1);
INSERT INTO `T_AU_ORGANIZATION` VALUES (19, '213123', '213123', 'FACTORY', NULL, NULL, NULL, NULL, NULL, 'Y', 'PROFIT_CENTER', 'N', '', 17, 'AUDITED', 'N', NULL, NULL, 1, '2019-06-18 17:51:45', 'N', NULL, '2019-06-18 17:43:50', 1, '2019-06-18 17:51:45', 1);

-- ----------------------------
-- Table structure for T_AU_ORG_RELATION
-- ----------------------------
DROP TABLE IF EXISTS `T_AU_ORG_RELATION`;
CREATE TABLE `T_AU_ORG_RELATION`  (
  `id` int(11) NOT NULL AUTO_INCREMENT COMMENT '主键',
  `org_id` int(11) NULL DEFAULT NULL COMMENT '组织id',
  `superior_org_id` int(11) NULL DEFAULT NULL COMMENT '上级组织id',
  `sort_no` int(11) NULL DEFAULT NULL COMMENT '排序号',
  `data_state` varchar(32) CHARACTER SET utf8 COLLATE utf8_general_ci NULL DEFAULT NULL COMMENT '数据状态',
  `prohibit_state` char(1) CHARACTER SET utf8 COLLATE utf8_general_ci NULL DEFAULT NULL COMMENT '是否禁用',
  `prohibit_user` int(11) NULL DEFAULT NULL COMMENT '禁用人',
  `prohibit_time` datetime(0) NULL DEFAULT NULL COMMENT '禁用时间',
  `review_user` int(11) NULL DEFAULT NULL COMMENT '审核人',
  `review_time` datetime(0) NULL DEFAULT NULL COMMENT '审核时间',
  `is_delete` char(1) CHARACTER SET utf8 COLLATE utf8_general_ci NULL DEFAULT 'N' COMMENT '删除标识',
  `create_time` datetime(0) NULL DEFAULT NULL COMMENT '创建时间',
  `create_user` int(11) NULL DEFAULT NULL COMMENT '创建人',
  `update_time` datetime(0) NULL DEFAULT NULL COMMENT '修改时间',
  `update_user` int(11) NULL DEFAULT NULL COMMENT '修改人',
  `scheme_id` int(11) NULL DEFAULT NULL COMMENT '隶属方案关系id',
  PRIMARY KEY (`id`) USING BTREE
) ENGINE = InnoDB AUTO_INCREMENT = 69 CHARACTER SET = utf8 COLLATE = utf8_general_ci ROW_FORMAT = Dynamic;

-- ----------------------------
-- Records of T_AU_ORG_RELATION
-- ----------------------------
INSERT INTO `T_AU_ORG_RELATION` VALUES (4, 1, 0, NULL, 'CREATED', NULL, NULL, NULL, NULL, NULL, 'N', '2019-04-28 11:42:51', 1, '2019-04-28 11:52:07', 1, 2);
INSERT INTO `T_AU_ORG_RELATION` VALUES (5, 14, 1, NULL, 'CREATED', NULL, NULL, NULL, NULL, NULL, 'N', '2019-04-28 11:49:32', 1, '2019-04-28 11:52:07', 1, 2);
INSERT INTO `T_AU_ORG_RELATION` VALUES (6, 15, 1, NULL, 'CREATED', NULL, NULL, NULL, NULL, NULL, 'N', '2019-04-28 11:49:37', 1, '2019-04-28 11:52:07', 1, 2);
INSERT INTO `T_AU_ORG_RELATION` VALUES (32, 1, 0, NULL, 'CREATED', NULL, NULL, NULL, NULL, NULL, 'N', '2019-06-12 16:45:25', 1, '2019-06-12 16:45:25', 1, 9);
INSERT INTO `T_AU_ORG_RELATION` VALUES (33, 3, 1, NULL, 'CREATED', NULL, NULL, NULL, NULL, NULL, 'N', '2019-06-12 16:45:25', 1, '2019-06-12 16:45:25', 1, 9);
INSERT INTO `T_AU_ORG_RELATION` VALUES (34, 4, 1, NULL, 'CREATED', NULL, NULL, NULL, NULL, NULL, 'N', '2019-06-12 16:45:25', 1, '2019-06-12 16:45:25', 1, 9);
INSERT INTO `T_AU_ORG_RELATION` VALUES (35, 14, 4, NULL, 'CREATED', NULL, NULL, NULL, NULL, NULL, 'N', '2019-06-12 16:45:25', 1, '2019-06-12 16:45:25', 1, 9);
INSERT INTO `T_AU_ORG_RELATION` VALUES (58, 1, 0, NULL, 'CREATED', NULL, NULL, NULL, NULL, NULL, 'N', '2019-06-13 10:53:28', 1, '2019-06-13 10:53:28', 1, 11);
INSERT INTO `T_AU_ORG_RELATION` VALUES (59, 3, 1, NULL, 'CREATED', NULL, NULL, NULL, NULL, NULL, 'N', '2019-06-13 10:53:28', 1, '2019-06-13 10:53:28', 1, 11);
INSERT INTO `T_AU_ORG_RELATION` VALUES (60, 4, 1, NULL, 'CREATED', NULL, NULL, NULL, NULL, NULL, 'N', '2019-06-13 10:53:28', 1, '2019-06-13 10:53:28', 1, 11);
INSERT INTO `T_AU_ORG_RELATION` VALUES (61, 15, 4, NULL, 'CREATED', NULL, NULL, NULL, NULL, NULL, 'N', '2019-06-13 10:53:28', 1, '2019-06-13 10:53:28', 1, 11);
INSERT INTO `T_AU_ORG_RELATION` VALUES (62, 16, 1, NULL, 'CREATED', NULL, NULL, NULL, NULL, NULL, 'N', '2019-06-13 10:53:28', 1, '2019-06-13 10:53:28', 1, 11);
INSERT INTO `T_AU_ORG_RELATION` VALUES (63, 14, 1, NULL, 'CREATED', NULL, NULL, NULL, NULL, NULL, 'N', '2019-06-13 10:53:28', 1, '2019-06-13 10:53:28', 1, 11);
INSERT INTO `T_AU_ORG_RELATION` VALUES (64, 14, 0, NULL, 'CREATED', NULL, NULL, NULL, NULL, NULL, 'N', '2019-06-13 10:55:19', 1, '2019-06-13 10:55:19', 1, 5);
INSERT INTO `T_AU_ORG_RELATION` VALUES (65, 1, 14, NULL, 'CREATED', NULL, NULL, NULL, NULL, NULL, 'N', '2019-06-13 10:55:19', 1, '2019-06-13 10:55:19', 1, 5);
INSERT INTO `T_AU_ORG_RELATION` VALUES (66, 1, 0, NULL, 'CREATED', NULL, NULL, NULL, NULL, NULL, 'N', '2019-07-01 17:20:08', 1, '2019-07-01 17:20:08', 1, 1);
INSERT INTO `T_AU_ORG_RELATION` VALUES (67, 3, 1, NULL, 'CREATED', NULL, NULL, NULL, NULL, NULL, 'N', '2019-07-01 17:20:08', 1, '2019-07-01 17:20:08', 1, 1);
INSERT INTO `T_AU_ORG_RELATION` VALUES (68, 4, 1, NULL, 'CREATED', NULL, NULL, NULL, NULL, NULL, 'N', '2019-07-01 17:20:08', 1, '2019-07-01 17:20:08', 1, 1);

-- ----------------------------
-- Table structure for T_AU_ORG_SCHEME
-- ----------------------------
DROP TABLE IF EXISTS `T_AU_ORG_SCHEME`;
CREATE TABLE `T_AU_ORG_SCHEME`  (
  `id` int(11) NOT NULL AUTO_INCREMENT COMMENT '主键',
  `scheme_code` varchar(32) CHARACTER SET utf8 COLLATE utf8_general_ci NULL DEFAULT NULL COMMENT '方案编码',
  `scheme_name` varchar(32) CHARACTER SET utf8 COLLATE utf8_general_ci NULL DEFAULT NULL COMMENT '方案名称',
  `org_function_type` varchar(32) CHARACTER SET utf8 COLLATE utf8_general_ci NULL DEFAULT NULL COMMENT '组织职能类型',
  `top_org_id` int(11) NULL DEFAULT NULL COMMENT '顶层组织',
  `is_default_scheme` char(1) CHARACTER SET utf8 COLLATE utf8_general_ci NULL DEFAULT NULL COMMENT '是否默认方案',
  `enable_date` date NULL DEFAULT NULL COMMENT '启用日期',
  `expiry_date` date NULL DEFAULT NULL COMMENT '截至日期',
  `summary` varchar(128) CHARACTER SET utf8 COLLATE utf8_general_ci NULL DEFAULT NULL COMMENT '描述',
  `data_state` varchar(32) CHARACTER SET utf8 COLLATE utf8_general_ci NULL DEFAULT NULL COMMENT '数据状态',
  `prohibit_state` char(1) CHARACTER SET utf8 COLLATE utf8_general_ci NULL DEFAULT 'N' COMMENT '是否禁用',
  `prohibit_user` int(11) NULL DEFAULT NULL COMMENT '禁用人',
  `prohibit_time` datetime(0) NULL DEFAULT NULL COMMENT '禁用时间',
  `review_user` int(11) NULL DEFAULT NULL COMMENT '审核人',
  `review_time` datetime(0) NULL DEFAULT NULL COMMENT '审核时间',
  `is_delete` char(1) CHARACTER SET utf8 COLLATE utf8_general_ci NULL DEFAULT 'N' COMMENT '删除标识',
  `create_time` datetime(0) NULL DEFAULT NULL COMMENT '创建时间',
  `create_user` int(11) NULL DEFAULT NULL COMMENT '创建人',
  `update_time` datetime(0) NULL DEFAULT NULL COMMENT '修改时间',
  `update_user` int(11) NULL DEFAULT NULL COMMENT '修改人',
  PRIMARY KEY (`id`) USING BTREE
) ENGINE = InnoDB AUTO_INCREMENT = 12 CHARACTER SET = utf8 COLLATE = utf8_general_ci ROW_FORMAT = Dynamic;

-- ----------------------------
-- Records of T_AU_ORG_SCHEME
-- ----------------------------
INSERT INTO `T_AU_ORG_SCHEME` VALUES (1, 'SCH_001', '方案11', 'FUNC_001', 1, 'Y', '2019-04-28', '9999-12-30', '测试方案', 'AUDIT_IN_PROGRESS', 'N', 1, '2019-06-19 10:45:23', 1, '2019-04-28 15:39:16', 'N', '2019-04-28 11:35:46', 1, '2019-07-01 17:20:08', 1);
INSERT INTO `T_AU_ORG_SCHEME` VALUES (2, 'SCH_002', '方案333', 'FUNC_002', 1, 'Y', '2019-04-28', '9999-12-30', '测试方案2', 'AUDIT_IN_PROGRESS', 'Y', 1, '2019-05-10 18:38:51', NULL, NULL, 'N', '2019-04-28 11:52:07', 1, '2019-06-04 10:51:17', 3);
INSERT INTO `T_AU_ORG_SCHEME` VALUES (3, '231213', '21312312', '测试职能', 1, NULL, '2019-05-29', '2019-05-22', NULL, 'CREATED', 'N', NULL, NULL, NULL, NULL, 'N', '2019-05-22 15:42:32', 1, '2019-05-22 15:42:32', 1);
INSERT INTO `T_AU_ORG_SCHEME` VALUES (4, '123', '33333', '测试职能', 1, 'N', '2019-05-23', '2019-05-24', NULL, 'CREATED', 'N', NULL, NULL, NULL, NULL, 'N', '2019-05-22 15:52:47', 1, '2019-06-04 10:51:26', 3);
INSERT INTO `T_AU_ORG_SCHEME` VALUES (5, 'SCH_005', '方案5', 'FUNC_005', 1, 'Y', '2019-04-28', '9999-12-30', '测试方案5', 'CREATED', 'N', NULL, NULL, NULL, NULL, 'N', '2019-06-12 15:17:47', 1, '2019-06-13 10:55:19', 1);
INSERT INTO `T_AU_ORG_SCHEME` VALUES (6, 'SCH_006', '方案6', 'FUNC_006', 1, 'Y', '2019-04-28', '9999-12-30', '测试方案6', 'CREATED', 'N', NULL, NULL, NULL, NULL, 'N', '2019-06-12 15:33:47', 1, '2019-06-12 15:33:47', 1);
INSERT INTO `T_AU_ORG_SCHEME` VALUES (9, 'SCH_007', '方案7', 'FUNC_005', 1, 'Y', '2019-04-28', '9999-12-30', '测试方案7', 'CREATED', 'N', NULL, NULL, NULL, NULL, 'N', '2019-06-12 15:57:06', 1, '2019-06-12 16:45:25', 1);
INSERT INTO `T_AU_ORG_SCHEME` VALUES (11, 'SCH_008', '方案8', 'FUNC_005', 1, 'Y', '2019-04-28', '9999-12-30', '测试方案8', 'CREATED', 'N', NULL, NULL, NULL, NULL, 'N', '2019-06-12 16:57:01', 1, '2019-06-13 10:53:28', 1);

-- ----------------------------
-- Table structure for T_AU_PAPERS
-- ----------------------------
DROP TABLE IF EXISTS `T_AU_PAPERS`;
CREATE TABLE `T_AU_PAPERS`  (
  `id` int(11) NOT NULL AUTO_INCREMENT COMMENT '主键',
  `employee_id` int(11) NULL DEFAULT NULL COMMENT '员工id',
  `country` varchar(32) CHARACTER SET utf8 COLLATE utf8_general_ci NULL DEFAULT NULL COMMENT '国家地区',
  `papers_type` varchar(32) CHARACTER SET utf8 COLLATE utf8_general_ci NULL DEFAULT NULL COMMENT '证件类型',
  `papers_no` varchar(32) CHARACTER SET utf8 COLLATE utf8_general_ci NULL DEFAULT NULL COMMENT '证件号码',
  `is_main_papers` char(1) CHARACTER SET utf8 COLLATE utf8_general_ci NULL DEFAULT NULL COMMENT '是否主证件',
  `is_effect` char(1) CHARACTER SET utf8 COLLATE utf8_general_ci NULL DEFAULT NULL COMMENT '是否有效',
  `effective_date` date NULL DEFAULT NULL COMMENT '生效日期',
  `expiry_date` date NULL DEFAULT NULL COMMENT '失效日期',
  `summary` varchar(128) CHARACTER SET utf8 COLLATE utf8_general_ci NULL DEFAULT NULL COMMENT '描述',
  PRIMARY KEY (`id`) USING BTREE
) ENGINE = InnoDB AUTO_INCREMENT = 3 CHARACTER SET = utf8 COLLATE = utf8_general_ci ROW_FORMAT = Dynamic;

-- ----------------------------
-- Records of T_AU_PAPERS
-- ----------------------------
INSERT INTO `T_AU_PAPERS` VALUES (2, 1, 'CHINA', 'IC_02', '3658956654255', 'Y', 'Y', '2010-10-22', '2019-10-22', '测试2');

-- ----------------------------
-- Table structure for T_AU_PERMISSION_GROUP
-- ----------------------------
DROP TABLE IF EXISTS `T_AU_PERMISSION_GROUP`;
CREATE TABLE `T_AU_PERMISSION_GROUP`  (
  `id` int(11) NOT NULL AUTO_INCREMENT COMMENT '主键',
  `permission_group_code` varchar(32) CHARACTER SET utf8 COLLATE utf8_general_ci NULL DEFAULT NULL COMMENT '权限组编码',
  `permission_group_name` varchar(32) CHARACTER SET utf8 COLLATE utf8_general_ci NULL DEFAULT NULL COMMENT '权限组名称',
  `is_delete` char(1) CHARACTER SET utf8 COLLATE utf8_general_ci NULL DEFAULT NULL COMMENT '删除标识',
  `prohibit_state` char(1) CHARACTER SET utf8 COLLATE utf8_general_ci NULL DEFAULT NULL COMMENT '禁用标识',
  `is_system_init` char(1) CHARACTER SET utf8 COLLATE utf8_general_ci NULL DEFAULT NULL COMMENT '是否系统预置',
  `create_time` datetime(0) NULL DEFAULT NULL COMMENT '创建时间',
  `create_user` int(11) NULL DEFAULT NULL COMMENT '创建人',
  `update_time` datetime(0) NULL DEFAULT NULL COMMENT '修改时间',
  `update_user` int(11) NULL DEFAULT NULL COMMENT '修改人',
  PRIMARY KEY (`id`) USING BTREE
) ENGINE = InnoDB AUTO_INCREMENT = 6 CHARACTER SET = utf8 COLLATE = utf8_general_ci ROW_FORMAT = Dynamic;

-- ----------------------------
-- Records of T_AU_PERMISSION_GROUP
-- ----------------------------
INSERT INTO `T_AU_PERMISSION_GROUP` VALUES (1, 'QUERY', '查询', 'N', 'N', 'Y', '2019-05-06 15:38:15', 1, '2019-05-06 15:38:24', 1);
INSERT INTO `T_AU_PERMISSION_GROUP` VALUES (2, 'EDIT', '编辑', 'N', 'N', 'Y', '2019-05-06 15:39:25', 1, '2019-05-06 15:39:32', 1);
INSERT INTO `T_AU_PERMISSION_GROUP` VALUES (3, 'AUDIT', '审核', 'N', 'N', 'Y', '2019-05-06 15:41:11', 1, '2019-05-06 15:41:17', 1);
INSERT INTO `T_AU_PERMISSION_GROUP` VALUES (4, 'BUSINESS_OPERATION', '业务操作', 'N', 'N', 'Y', '2019-05-06 15:41:52', 1, '2019-05-06 15:42:00', 1);
INSERT INTO `T_AU_PERMISSION_GROUP` VALUES (5, 'OTHER', '其他', 'N', 'N', 'Y', '2019-05-06 15:42:24', 1, '2019-05-06 15:42:30', 1);

-- ----------------------------
-- Table structure for T_AU_PERMISSION_ITEM
-- ----------------------------
DROP TABLE IF EXISTS `T_AU_PERMISSION_ITEM`;
CREATE TABLE `T_AU_PERMISSION_ITEM`  (
  `id` int(11) NOT NULL AUTO_INCREMENT COMMENT '主键',
  `permission_code` varchar(32) CHARACTER SET utf8 COLLATE utf8_general_ci NULL DEFAULT NULL COMMENT '权限项编码',
  `permission_name` varchar(32) CHARACTER SET utf8 COLLATE utf8_general_ci NULL DEFAULT NULL COMMENT '权限项名称',
  `permission_group_code` varchar(32) CHARACTER SET utf8 COLLATE utf8_general_ci NULL DEFAULT NULL COMMENT '权限组code',
  `is_system_init` char(1) CHARACTER SET utf8 COLLATE utf8_general_ci NULL DEFAULT 'N' COMMENT '是否系统预置(页面新增都是N,初始化数据库Y)',
  `summary` varchar(128) CHARACTER SET utf8 COLLATE utf8_general_ci NULL DEFAULT NULL COMMENT '描述',
  `is_delete` char(1) CHARACTER SET utf8 COLLATE utf8_general_ci NULL DEFAULT 'N' COMMENT '删除标识',
  `create_time` datetime(0) NULL DEFAULT NULL COMMENT '创建时间',
  `create_user` int(11) NULL DEFAULT NULL COMMENT '创建人',
  `update_time` datetime(0) NULL DEFAULT NULL COMMENT '修改时间',
  `update_user` int(11) NULL DEFAULT NULL COMMENT '修改人',
  PRIMARY KEY (`id`) USING BTREE
) ENGINE = InnoDB AUTO_INCREMENT = 7 CHARACTER SET = utf8 COLLATE = utf8_general_ci ROW_FORMAT = Dynamic;

-- ----------------------------
-- Records of T_AU_PERMISSION_ITEM
-- ----------------------------
INSERT INTO `T_AU_PERMISSION_ITEM` VALUES (1, 'QUERY_1', '查询', 'PG1', 'N', '测试数据走一波', 'N', '2019-05-06 15:23:32', 1, '2019-05-06 15:50:40', 1);
INSERT INTO `T_AU_PERMISSION_ITEM` VALUES (2, 'EDIT_1', '编辑', 'PG2', 'N', '测试数据走一波', 'N', '2019-05-06 15:27:54', 1, '2019-05-29 10:09:04', 1);
INSERT INTO `T_AU_PERMISSION_ITEM` VALUES (3, 'AUDIT_1', '审核', 'PG3', 'N', '测试数据走一波', 'Y', '2019-05-08 11:00:54', 1, '2019-05-08 11:03:50', 1);
INSERT INTO `T_AU_PERMISSION_ITEM` VALUES (4, 'BUSINESS_OPERATION_1', '禁用', 'PG4', 'N', '测试数据走一波', 'N', '2019-05-08 11:04:19', 1, '2019-05-08 11:04:19', 1);
INSERT INTO `T_AU_PERMISSION_ITEM` VALUES (5, 'OTHER_ITEM_1', '456', 'PG5', 'N', '1`21`2', 'N', '2019-05-23 15:43:35', 1, '2019-06-04 10:55:43', 3);
INSERT INTO `T_AU_PERMISSION_ITEM` VALUES (6, '测试888', '测试888', 'PG1', 'N', '测试888888', 'N', '2019-06-12 10:57:45', 1, '2019-06-12 10:57:45', 1);

-- ----------------------------
-- Table structure for T_AU_PERMISSION_OBJECT
-- ----------------------------
DROP TABLE IF EXISTS `T_AU_PERMISSION_OBJECT`;
CREATE TABLE `T_AU_PERMISSION_OBJECT`  (
  `id` int(11) NOT NULL AUTO_INCREMENT COMMENT '主键',
  `subsystem_id` int(11) NULL DEFAULT NULL COMMENT '业务子系统',
  `permission_object_code` varchar(32) CHARACTER SET utf8 COLLATE utf8_general_ci NULL DEFAULT NULL COMMENT '权限对象编码',
  `permission_object_name` varchar(32) CHARACTER SET utf8 COLLATE utf8_general_ci NULL DEFAULT NULL COMMENT '权限对象名称',
  `is_system_init` char(1) CHARACTER SET utf8 COLLATE utf8_general_ci NULL DEFAULT 'N' COMMENT '是否系统预置',
  `remark` varchar(128) CHARACTER SET utf8 COLLATE utf8_general_ci NULL DEFAULT NULL COMMENT '备注',
  `is_delete` char(1) CHARACTER SET utf8 COLLATE utf8_general_ci NULL DEFAULT 'N' COMMENT '删除标识',
  `create_time` datetime(0) NULL DEFAULT NULL COMMENT '创建时间',
  `create_user` int(11) NULL DEFAULT NULL COMMENT '创建人',
  `update_time` datetime(0) NULL DEFAULT NULL COMMENT '修改时间',
  `update_user` int(11) NULL DEFAULT NULL COMMENT '修改人',
  PRIMARY KEY (`id`) USING BTREE
) ENGINE = InnoDB AUTO_INCREMENT = 9 CHARACTER SET = utf8 COLLATE = utf8_general_ci COMMENT = '与某个子系统业务下边的多个业务对象进行绑定，来实现对业务对象得权限控制。\r\n\r\n权限对象又会关联权限' ROW_FORMAT = Dynamic;

-- ----------------------------
-- Records of T_AU_PERMISSION_OBJECT
-- ----------------------------
INSERT INTO `T_AU_PERMISSION_OBJECT` VALUES (1, 4, 'KH_001', '客户管理', 'N', NULL, 'N', '2019-05-07 14:58:45', 1, '2019-07-01 17:29:52', 1);
INSERT INTO `T_AU_PERMISSION_OBJECT` VALUES (2, 3, 'KH_002', '客户新增', 'N', NULL, 'N', '2019-05-07 15:10:57', 1, '2019-05-08 10:11:55', 1);
INSERT INTO `T_AU_PERMISSION_OBJECT` VALUES (3, 3, 'KH_003', '客户新增3', 'N', NULL, 'N', '2019-05-08 10:11:09', 1, '2019-05-08 10:11:56', 1);
INSERT INTO `T_AU_PERMISSION_OBJECT` VALUES (4, 3, 'KH_003', '客户新增3', 'N', NULL, 'N', '2019-05-08 10:29:57', 1, '2019-05-08 10:29:57', 1);
INSERT INTO `T_AU_PERMISSION_OBJECT` VALUES (5, 4, 'KH_002', '客户新增', 'N', NULL, 'N', '2019-05-08 10:30:12', 1, '2019-05-08 10:30:12', 1);
INSERT INTO `T_AU_PERMISSION_OBJECT` VALUES (6, 4, '123', '123456', 'N', NULL, 'N', '2019-05-23 15:45:57', 1, '2019-06-04 10:56:01', 3);
INSERT INTO `T_AU_PERMISSION_OBJECT` VALUES (7, 4, 'sunbin001', '孙兵001', 'N', NULL, 'N', '2019-06-13 11:02:22', 1, '2019-06-13 11:02:22', 1);
INSERT INTO `T_AU_PERMISSION_OBJECT` VALUES (8, 4, 'sunbin002', '孙兵002', 'N', NULL, 'N', '2019-06-13 11:03:06', 1, '2019-06-13 11:12:40', 1);

-- ----------------------------
-- Table structure for T_AU_PERMISSION_OBJECT_ITEM
-- ----------------------------
DROP TABLE IF EXISTS `T_AU_PERMISSION_OBJECT_ITEM`;
CREATE TABLE `T_AU_PERMISSION_OBJECT_ITEM`  (
  `id` int(11) NOT NULL AUTO_INCREMENT COMMENT '主键',
  `permission_object_id` int(11) NULL DEFAULT NULL COMMENT '权限对象编号',
  `permission_item_id` int(11) NULL DEFAULT NULL COMMENT '权限项编号',
  `create_time` datetime(0) NULL DEFAULT NULL COMMENT '创建时间',
  `create_user` int(11) NULL DEFAULT NULL COMMENT '创建人',
  `update_time` datetime(0) NULL DEFAULT NULL COMMENT '修改时间',
  `update_user` int(11) NULL DEFAULT NULL COMMENT '修改人',
  PRIMARY KEY (`id`) USING BTREE
) ENGINE = InnoDB AUTO_INCREMENT = 21 CHARACTER SET = utf8 COLLATE = utf8_general_ci ROW_FORMAT = Dynamic;

-- ----------------------------
-- Records of T_AU_PERMISSION_OBJECT_ITEM
-- ----------------------------
INSERT INTO `T_AU_PERMISSION_OBJECT_ITEM` VALUES (12, 4, 1, '2019-05-08 10:29:57', 1, '2019-05-08 10:29:57', 1);
INSERT INTO `T_AU_PERMISSION_OBJECT_ITEM` VALUES (13, 4, 2, '2019-05-08 10:29:57', 1, '2019-05-08 10:29:57', 1);
INSERT INTO `T_AU_PERMISSION_OBJECT_ITEM` VALUES (14, 5, 1, '2019-05-08 10:30:12', 1, '2019-05-08 10:30:12', 1);
INSERT INTO `T_AU_PERMISSION_OBJECT_ITEM` VALUES (15, 5, 2, '2019-05-08 10:30:12', 1, '2019-05-08 10:30:12', 1);
INSERT INTO `T_AU_PERMISSION_OBJECT_ITEM` VALUES (16, 7, 1, '2019-06-13 11:02:22', 1, '2019-06-13 11:02:22', 1);
INSERT INTO `T_AU_PERMISSION_OBJECT_ITEM` VALUES (17, 7, 4, '2019-06-13 11:02:22', 1, '2019-06-13 11:02:22', 1);
INSERT INTO `T_AU_PERMISSION_OBJECT_ITEM` VALUES (18, 3, 2, '2019-06-13 11:03:06', 1, '2019-06-13 11:03:06', 1);
INSERT INTO `T_AU_PERMISSION_OBJECT_ITEM` VALUES (19, 3, 1, '2019-06-13 11:03:06', 1, '2019-06-13 11:03:06', 1);
INSERT INTO `T_AU_PERMISSION_OBJECT_ITEM` VALUES (20, 3, 4, '2019-06-13 11:12:40', 1, '2019-06-13 11:12:40', 1);

-- ----------------------------
-- Table structure for T_AU_POSITION
-- ----------------------------
DROP TABLE IF EXISTS `T_AU_POSITION`;
CREATE TABLE `T_AU_POSITION`  (
  `id` int(11) NOT NULL AUTO_INCREMENT COMMENT '主键',
  `position_code` varchar(32) CHARACTER SET utf8 COLLATE utf8_general_ci NULL DEFAULT NULL COMMENT '编码',
  `position_name` varchar(32) CHARACTER SET utf8 COLLATE utf8_general_ci NULL DEFAULT NULL COMMENT '名称',
  `mnemonic_code` varchar(32) CHARACTER SET utf8 COLLATE utf8_general_ci NULL DEFAULT NULL COMMENT '助记码',
  `belong_dept_id` int(11) NULL DEFAULT NULL COMMENT '所属部门',
  `is_hr` char(1) CHARACTER SET utf8 COLLATE utf8_general_ci NULL DEFAULT 'N' COMMENT '是否hr岗位',
  `is_responsible_position` char(1) CHARACTER SET utf8 COLLATE utf8_general_ci NULL DEFAULT NULL COMMENT '是否负责人岗位',
  `effect_date` date NULL DEFAULT NULL COMMENT '生效日期',
  `abate_date` date NULL DEFAULT NULL COMMENT '失效日期',
  `data_state` varchar(32) CHARACTER SET utf8 COLLATE utf8_general_ci NULL DEFAULT NULL COMMENT '数据状态',
  `summary` varchar(32) CHARACTER SET utf8 COLLATE utf8_general_ci NULL DEFAULT NULL COMMENT '描述',
  `is_from_s_hr` char(1) CHARACTER SET utf8 COLLATE utf8_general_ci NULL DEFAULT 'N' COMMENT '来源于s-hr',
  `create_org_id` int(11) NULL DEFAULT NULL COMMENT '创建组织',
  `use_org_id` int(11) NULL DEFAULT NULL COMMENT '使用组织',
  `prohibit_state` char(1) CHARACTER SET utf8 COLLATE utf8_general_ci NULL DEFAULT 'N' COMMENT '是否禁用',
  `prohibit_user` int(11) NULL DEFAULT NULL COMMENT '禁用人',
  `prohibit_time` datetime(0) NULL DEFAULT NULL COMMENT '禁用时间',
  `review_user` int(11) NULL DEFAULT NULL COMMENT '审核人',
  `review_time` datetime(0) NULL DEFAULT NULL COMMENT '审核时间',
  `is_delete` char(1) CHARACTER SET utf8 COLLATE utf8_general_ci NULL DEFAULT 'N' COMMENT '删除标识',
  `create_time` datetime(0) NULL DEFAULT NULL COMMENT '创建时间',
  `create_user` int(11) NULL DEFAULT NULL COMMENT '创建人',
  `update_time` datetime(0) NULL DEFAULT NULL COMMENT '修改时间',
  `update_user` int(11) NULL DEFAULT NULL COMMENT '修改人',
  PRIMARY KEY (`id`) USING BTREE
) ENGINE = InnoDB AUTO_INCREMENT = 25 CHARACTER SET = utf8 COLLATE = utf8_general_ci ROW_FORMAT = Dynamic;

-- ----------------------------
-- Records of T_AU_POSITION
-- ----------------------------
INSERT INTO `T_AU_POSITION` VALUES (1, 'GW_1', '区域经理', '2534', 7, 'N', 'N', '2019-05-10', '2019-05-31', 'REVIEW_AGAIN', NULL, 'N', 4, 4, 'Y', 1, '2019-06-19 14:44:14', 1, '2019-06-19 14:38:40', 'N', '2019-05-10 10:57:11', 1, '2019-06-21 15:48:57', 1);
INSERT INTO `T_AU_POSITION` VALUES (2, 'GW_002', '部门经理2', '256', 7, 'N', 'N', '2019-05-10', '2019-05-30', 'CREATED', NULL, 'N', 4, 4, 'Y', 1, '2019-05-14 17:23:33', NULL, NULL, 'N', '2019-05-10 11:03:34', 1, '2019-06-20 10:19:53', 1);
INSERT INTO `T_AU_POSITION` VALUES (3, 'GW_3', '董事委员', '257', 7, 'N', 'N', '2019-05-10', '2019-05-30', 'CREATED', NULL, 'N', 4, 4, 'N', NULL, NULL, NULL, NULL, 'N', '2019-05-10 11:04:36', 1, '2019-06-20 10:04:37', 1);
INSERT INTO `T_AU_POSITION` VALUES (4, 'GW_4', '销售经理', 'sell001', 7, 'N', 'Y', '2019-05-12', '2019-12-30', 'CREATED', 'SDHAHSHJHGDKASDSDJKLASH', 'N', 4, 4, 'N', NULL, NULL, NULL, NULL, 'N', '2019-05-13 18:30:55', 1, '2019-05-13 18:35:26', 1);
INSERT INTO `T_AU_POSITION` VALUES (5, 'GW_5', '销售员', 'sell002', 7, 'N', 'Y', '2019-05-12', '2019-12-30', 'CREATED', '545说的是5堵塞5等时 是', 'N', 4, 4, 'N', NULL, NULL, NULL, NULL, 'N', '2019-05-14 11:47:25', 1, '2019-05-14 13:50:47', 1);
INSERT INTO `T_AU_POSITION` VALUES (6, 'GW_6', '总监', 'zong', 7, NULL, 'Y', '2019-05-12', '2019-12-30', 'CREATED', '545说的是5堵塞5等时 是', NULL, 4, 4, 'N', NULL, NULL, NULL, NULL, 'N', '2019-05-14 14:10:20', 1, '2019-05-14 14:26:50', 1);
INSERT INTO `T_AU_POSITION` VALUES (7, 'GW_7', '主编', 'zong', 7, 'N', 'Y', '2019-05-15', '2019-12-30', 'CREATED', '大苏打大大', 'N', 4, 4, 'N', NULL, NULL, NULL, NULL, 'N', '2019-05-15 11:35:21', 1, '2019-05-15 11:35:21', 1);
INSERT INTO `T_AU_POSITION` VALUES (8, 'GW_8', '主编助理', 'zong', 7, 'N', 'Y', '2019-05-15', '2019-12-30', 'CREATED', '大苏打大大', 'N', 4, 4, 'N', NULL, NULL, NULL, NULL, 'N', '2019-05-15 11:38:09', 1, '2019-05-15 11:38:09', 1);
INSERT INTO `T_AU_POSITION` VALUES (9, 'GW_9', '主编助理2', NULL, 7, 'N', 'Y', '2019-05-15', '2019-12-30', 'CREATED', '大苏打大大', 'N', 4, 4, 'N', NULL, NULL, NULL, NULL, 'N', '2019-05-15 11:40:43', 1, '2019-05-15 11:40:43', 1);
INSERT INTO `T_AU_POSITION` VALUES (11, 'GW_11', '总监333333', 'zong', 7, 'N', 'Y', '2019-05-12', '2019-12-30', 'CREATED', '545说的是5堵塞5等时 是', 'N', 4, 4, 'N', NULL, NULL, NULL, NULL, 'N', '2019-06-19 18:15:51', 1, '2019-06-19 18:15:51', 1);
INSERT INTO `T_AU_POSITION` VALUES (13, 'GW_13', 'jsjs', 'zong', 7, 'N', 'Y', '2019-05-12', '2019-12-30', 'CREATED', '545说的是5堵塞5等时 是', 'N', 4, 4, 'N', NULL, NULL, NULL, NULL, 'N', '2019-06-21 15:38:43', 1, '2019-06-21 15:38:43', 1);
INSERT INTO `T_AU_POSITION` VALUES (14, 'GW_14', '销售专员', NULL, 7, 'N', 'Y', '2019-05-15', '2019-12-30', 'CREATED', '545sdsadsad', 'N', 4, 4, 'N', NULL, NULL, NULL, NULL, 'N', '2019-06-25 15:38:13', 1, '2019-06-25 15:38:13', 1);
INSERT INTO `T_AU_POSITION` VALUES (24, 'GW_24', '小儿子', NULL, 7, 'N', 'N', '2019-06-27', '9999-12-31', 'CREATED', '小儿子', 'N', 1, 1, 'N', NULL, NULL, NULL, NULL, 'N', '2019-06-27 16:04:30', 1, '2019-06-27 16:04:30', 1);

-- ----------------------------
-- Table structure for T_AU_POSITION_RELATION_DOWN
-- ----------------------------
DROP TABLE IF EXISTS `T_AU_POSITION_RELATION_DOWN`;
CREATE TABLE `T_AU_POSITION_RELATION_DOWN`  (
  `id` int(11) NOT NULL AUTO_INCREMENT COMMENT '主键',
  `position_id` int(11) NULL DEFAULT NULL COMMENT '岗位id',
  `down_position_id` int(11) NULL DEFAULT NULL COMMENT '下级岗位',
  `report_type` varchar(32) CHARACTER SET utf8 COLLATE utf8_general_ci NULL DEFAULT NULL COMMENT '汇报类型：字典项',
  `effect_date` date NULL DEFAULT NULL COMMENT '生效日期',
  `abate_date` date NULL DEFAULT NULL COMMENT '失效日期',
  `summary` varchar(32) CHARACTER SET utf8 COLLATE utf8_general_ci NULL DEFAULT NULL COMMENT '关系描述',
  `prohibit_state` char(1) CHARACTER SET utf8 COLLATE utf8_general_ci NULL DEFAULT 'N' COMMENT '是否禁用',
  `prohibit_user` int(11) NULL DEFAULT NULL COMMENT '禁用人',
  `prohibit_time` datetime(0) NULL DEFAULT NULL COMMENT '禁用时间',
  `review_user` int(11) NULL DEFAULT NULL COMMENT '审核人',
  `review_time` datetime(0) NULL DEFAULT NULL COMMENT '审核时间',
  `is_delete` char(1) CHARACTER SET utf8 COLLATE utf8_general_ci NULL DEFAULT 'N' COMMENT '删除标识',
  `create_time` datetime(0) NULL DEFAULT NULL COMMENT '创建时间',
  `create_user` int(11) NULL DEFAULT NULL COMMENT '创建人',
  `update_time` datetime(0) NULL DEFAULT NULL COMMENT '修改时间',
  `update_user` int(11) NULL DEFAULT NULL COMMENT '修改人',
  `is_effect` char(1) CHARACTER SET utf8 COLLATE utf8_general_ci NULL DEFAULT 'Y' COMMENT '是否有效',
  PRIMARY KEY (`id`) USING BTREE
) ENGINE = InnoDB AUTO_INCREMENT = 34 CHARACTER SET = utf8 COLLATE = utf8_general_ci ROW_FORMAT = Dynamic;

-- ----------------------------
-- Records of T_AU_POSITION_RELATION_DOWN
-- ----------------------------
INSERT INTO `T_AU_POSITION_RELATION_DOWN` VALUES (24, 3, 1, 'REPORT_01', NULL, NULL, NULL, 'N', NULL, NULL, NULL, NULL, 'N', '2019-06-21 15:48:57', 1, '2019-06-21 15:48:57', 1, 'Y');
INSERT INTO `T_AU_POSITION_RELATION_DOWN` VALUES (25, 7, 14, 'REPORT_01', '2019-05-15', '2019-12-30', '545sdsadsad', 'N', NULL, NULL, NULL, NULL, 'N', '2019-06-25 15:38:13', 1, '2019-06-25 15:38:13', 1, 'Y');
INSERT INTO `T_AU_POSITION_RELATION_DOWN` VALUES (31, 14, 21, 'REPORT_01', '2019-06-27', '9999-12-31', '123', 'N', NULL, NULL, NULL, NULL, 'N', '2019-06-27 15:41:20', 1, '2019-06-27 15:41:20', 1, 'Y');
INSERT INTO `T_AU_POSITION_RELATION_DOWN` VALUES (32, 14, 22, 'REPORT_01', '2019-06-27', '9999-12-31', '123', 'N', NULL, NULL, NULL, NULL, 'N', '2019-06-27 15:49:31', 1, '2019-06-27 15:49:31', 1, 'Y');
INSERT INTO `T_AU_POSITION_RELATION_DOWN` VALUES (33, 14, 24, 'REPORT_01', '2019-06-27', '9999-12-31', '小儿子', 'N', NULL, NULL, NULL, NULL, 'N', '2019-06-27 16:04:30', 1, '2019-06-27 16:04:30', 1, 'Y');

-- ----------------------------
-- Table structure for T_AU_POSITION_RELATION_UP
-- ----------------------------
DROP TABLE IF EXISTS `T_AU_POSITION_RELATION_UP`;
CREATE TABLE `T_AU_POSITION_RELATION_UP`  (
  `id` int(11) NOT NULL AUTO_INCREMENT COMMENT '主键',
  `position_id` int(11) NULL DEFAULT NULL COMMENT '岗位id',
  `superior_position_id` int(11) NULL DEFAULT NULL COMMENT '上级岗位',
  `report_type` varchar(32) CHARACTER SET utf8 COLLATE utf8_general_ci NULL DEFAULT NULL COMMENT '汇报类型：字典项',
  `effect_date` date NULL DEFAULT NULL COMMENT '生效日期',
  `abate_date` date NULL DEFAULT NULL COMMENT '失效日期',
  `summary` varchar(32) CHARACTER SET utf8 COLLATE utf8_general_ci NULL DEFAULT NULL COMMENT '关系描述',
  `prohibit_state` char(1) CHARACTER SET utf8 COLLATE utf8_general_ci NULL DEFAULT 'N' COMMENT '是否禁用',
  `prohibit_user` int(11) NULL DEFAULT NULL COMMENT '禁用人',
  `prohibit_time` datetime(0) NULL DEFAULT NULL COMMENT '禁用时间',
  `review_user` int(11) NULL DEFAULT NULL COMMENT '审核人',
  `review_time` datetime(0) NULL DEFAULT NULL COMMENT '审核时间',
  `is_delete` char(1) CHARACTER SET utf8 COLLATE utf8_general_ci NULL DEFAULT 'N' COMMENT '删除标识',
  `create_time` datetime(0) NULL DEFAULT NULL COMMENT '创建时间',
  `create_user` int(11) NULL DEFAULT NULL COMMENT '创建人',
  `update_time` datetime(0) NULL DEFAULT NULL COMMENT '修改时间',
  `update_user` int(11) NULL DEFAULT NULL COMMENT '修改人',
  `is_effect` char(1) CHARACTER SET utf8 COLLATE utf8_general_ci NULL DEFAULT 'Y' COMMENT '是否有效',
  PRIMARY KEY (`id`) USING BTREE
) ENGINE = InnoDB AUTO_INCREMENT = 37 CHARACTER SET = utf8 COLLATE = utf8_general_ci ROW_FORMAT = Dynamic;

-- ----------------------------
-- Records of T_AU_POSITION_RELATION_UP
-- ----------------------------
INSERT INTO `T_AU_POSITION_RELATION_UP` VALUES (27, 1, 3, 'REPORT_01', NULL, NULL, NULL, 'N', NULL, NULL, NULL, NULL, 'N', '2019-06-21 15:48:57', 1, '2019-06-21 15:48:57', 1, 'Y');
INSERT INTO `T_AU_POSITION_RELATION_UP` VALUES (28, 14, 7, 'REPORT_01', '2019-05-15', '2019-12-30', '545sdsadsad', 'N', NULL, NULL, NULL, NULL, 'N', '2019-06-25 15:38:13', 1, '2019-06-25 15:38:13', 1, 'Y');
INSERT INTO `T_AU_POSITION_RELATION_UP` VALUES (34, 21, 14, 'REPORT_01', '2019-06-27', '9999-12-31', '123', 'N', NULL, NULL, NULL, NULL, 'N', '2019-06-27 15:41:20', 1, '2019-06-27 15:41:20', 1, 'Y');
INSERT INTO `T_AU_POSITION_RELATION_UP` VALUES (35, 22, 14, 'REPORT_01', '2019-06-27', '9999-12-31', '123', 'N', NULL, NULL, NULL, NULL, 'N', '2019-06-27 15:49:31', 1, '2019-06-27 15:49:31', 1, 'Y');
INSERT INTO `T_AU_POSITION_RELATION_UP` VALUES (36, 24, 14, 'REPORT_01', '2019-06-27', '9999-12-31', '小儿子', 'N', NULL, NULL, NULL, NULL, 'N', '2019-06-27 16:04:30', 1, '2019-06-27 16:04:30', 1, 'Y');

-- ----------------------------
-- Table structure for T_AU_POSITION_ROLE
-- ----------------------------
DROP TABLE IF EXISTS `T_AU_POSITION_ROLE`;
CREATE TABLE `T_AU_POSITION_ROLE`  (
  `id` int(11) NOT NULL AUTO_INCREMENT COMMENT '主键',
  `position_id` int(11) NULL DEFAULT NULL COMMENT '岗位id',
  `role_id` int(11) NULL DEFAULT NULL COMMENT '角色id',
  `effect_date` date NULL DEFAULT NULL COMMENT '生效日期',
  `abate_date` date NULL DEFAULT NULL COMMENT '失效日期',
  `is_default_role` char(1) CHARACTER SET utf8 COLLATE utf8_general_ci NULL DEFAULT NULL COMMENT '是否默认角色',
  `create_time` datetime(0) NULL DEFAULT NULL COMMENT '创建时间',
  `create_user` int(11) NULL DEFAULT NULL COMMENT '创建人',
  `update_time` datetime(0) NULL DEFAULT NULL COMMENT '修改时间',
  `update_user` int(11) NULL DEFAULT NULL COMMENT '修改人',
  PRIMARY KEY (`id`) USING BTREE
) ENGINE = InnoDB AUTO_INCREMENT = 1 CHARACTER SET = utf8 COLLATE = utf8_general_ci ROW_FORMAT = Dynamic;

-- ----------------------------
-- Table structure for T_AU_ROLE
-- ----------------------------
DROP TABLE IF EXISTS `T_AU_ROLE`;
CREATE TABLE `T_AU_ROLE`  (
  `id` int(11) NOT NULL AUTO_INCREMENT COMMENT '主键',
  `role_code` varchar(32) CHARACTER SET utf8 COLLATE utf8_general_ci NOT NULL COMMENT '编码',
  `role_name` varchar(32) CHARACTER SET utf8 COLLATE utf8_general_ci NOT NULL COMMENT '名称',
  `role_type` varchar(32) CHARACTER SET utf8 COLLATE utf8_general_ci NOT NULL COMMENT '类型',
  `property` varchar(32) CHARACTER SET utf8 COLLATE utf8_general_ci NULL DEFAULT NULL COMMENT '属性',
  `create_org_id` int(11) NULL DEFAULT NULL COMMENT '创建组织',
  `use_org_id` int(11) NULL DEFAULT NULL COMMENT '使用组织',
  `prohibit_state` char(1) CHARACTER SET utf8 COLLATE utf8_general_ci NULL DEFAULT 'N' COMMENT '是否禁用',
  `prohibit_user` int(11) NULL DEFAULT NULL COMMENT '禁用人',
  `prohibit_time` datetime(0) NULL DEFAULT NULL COMMENT '禁用时间',
  `is_delete` char(1) CHARACTER SET utf8 COLLATE utf8_general_ci NULL DEFAULT 'N' COMMENT '删除标识',
  `create_time` datetime(0) NULL DEFAULT NULL COMMENT '创建时间',
  `create_user` int(11) NULL DEFAULT NULL COMMENT '创建人',
  `update_time` datetime(0) NULL DEFAULT NULL COMMENT '修改时间',
  `update_user` int(11) NULL DEFAULT NULL COMMENT '修改人',
  `summary` varchar(255) CHARACTER SET utf8 COLLATE utf8_general_ci NULL DEFAULT NULL COMMENT '描述',
  PRIMARY KEY (`id`) USING BTREE
) ENGINE = InnoDB AUTO_INCREMENT = 7 CHARACTER SET = utf8 COLLATE = utf8_general_ci ROW_FORMAT = Dynamic;

-- ----------------------------
-- Records of T_AU_ROLE
-- ----------------------------
INSERT INTO `T_AU_ROLE` VALUES (1, 'SYS_ADMIN', '系统管理员', 'SYS_ROLE', 'PUBLIC', 1, NULL, 'N', NULL, NULL, 'N', NULL, NULL, NULL, NULL, NULL);
INSERT INTO `T_AU_ROLE` VALUES (2, 'DEMO', 'demo测试角色2', 'COMMON_ROLE', 'PUBLIC', 1, NULL, 'N', NULL, NULL, 'N', '2019-05-06 10:18:06', 1, '2019-05-28 18:07:43', 1, '测试角色0001');
INSERT INTO `T_AU_ROLE` VALUES (3, 'CESHI002', '测试角色002', 'COMMON_ROLE', 'PUBLIC', 1, NULL, 'N', NULL, NULL, 'N', '2019-05-06 10:18:48', 1, '2019-05-06 10:18:48', 1, '测试角色00012');
INSERT INTO `T_AU_ROLE` VALUES (4, 'CESHI004', '测试角色004', 'COMMON_ROLE', 'PUBLIC', 1, NULL, 'N', 1, '2019-05-06 13:34:32', 'N', '2019-05-06 10:20:22', 1, '2019-05-06 13:35:54', 1, '测试角色00012');
INSERT INTO `T_AU_ROLE` VALUES (5, 'CESHI005', '测试角色005', 'COMMON_ROLE', 'PUBLIC', 1, NULL, 'N', 1, '2019-05-06 13:34:32', 'Y', '2019-05-06 10:25:54', 1, '2019-05-06 13:45:10', 1, '测试sssss');
INSERT INTO `T_AU_ROLE` VALUES (6, '123', '123456', 'SUPPLIER_ROLE', 'PRIVATE', 1, NULL, 'N', NULL, NULL, 'N', '2019-05-23 15:26:54', 1, '2019-06-04 10:53:15', 1, NULL);

-- ----------------------------
-- Table structure for T_AU_ROLE_PERMISSION_OBJECT
-- ----------------------------
DROP TABLE IF EXISTS `T_AU_ROLE_PERMISSION_OBJECT`;
CREATE TABLE `T_AU_ROLE_PERMISSION_OBJECT`  (
  `id` int(11) NOT NULL AUTO_INCREMENT COMMENT '主键',
  `role_id` int(11) NULL DEFAULT NULL COMMENT '角色id',
  `business_domain_id` int(11) NULL DEFAULT NULL COMMENT '业务领域编号',
  `subsystem_id` int(11) NULL DEFAULT NULL COMMENT '业务子系统编号',
  `business_object_id` int(11) NULL DEFAULT NULL COMMENT '业务对象id',
  `permission_object_id` int(11) NULL DEFAULT NULL COMMENT '权限对象id',
  `permission_item_id` int(11) NULL DEFAULT NULL COMMENT '权限项id',
  `url` varchar(128) CHARACTER SET utf8 COLLATE utf8_general_ci NULL DEFAULT NULL COMMENT 'url请求',
  `permission_status` char(1) CHARACTER SET utf8 COLLATE utf8_general_ci NULL DEFAULT NULL COMMENT '权限状态（0：无权1：有权2：禁止）',
  `data_rule_id` int(11) NULL DEFAULT NULL COMMENT '数据规则id',
  `is_delete` char(1) CHARACTER SET utf8 COLLATE utf8_general_ci NULL DEFAULT 'N' COMMENT '删除标识',
  `create_time` datetime(0) NULL DEFAULT NULL COMMENT '创建时间',
  `create_user` int(11) NULL DEFAULT NULL COMMENT '创建人',
  `update_time` datetime(0) NULL DEFAULT NULL COMMENT '修改时间',
  `update_user` int(11) NULL DEFAULT NULL COMMENT '修改人',
  PRIMARY KEY (`id`) USING BTREE
) ENGINE = InnoDB AUTO_INCREMENT = 33 CHARACTER SET = utf8 COLLATE = utf8_general_ci ROW_FORMAT = Dynamic;

-- ----------------------------
-- Records of T_AU_ROLE_PERMISSION_OBJECT
-- ----------------------------
INSERT INTO `T_AU_ROLE_PERMISSION_OBJECT` VALUES (5, 1, 1, 3, 1, 1, 1, 'auth/orgController/getOrgList', '0', NULL, 'N', '2019-06-20 11:21:44', 1, '2019-07-03 13:24:50', 1);
INSERT INTO `T_AU_ROLE_PERMISSION_OBJECT` VALUES (6, 1, 1, 3, 1, 1, 2, '', '0', NULL, 'N', '2019-06-20 11:21:44', 1, '2019-07-04 11:21:10', 1);
INSERT INTO `T_AU_ROLE_PERMISSION_OBJECT` VALUES (7, 1, 1, 3, 2, 2, 1, 'auth/userController/getUserList', '0', NULL, 'N', '2019-06-20 11:21:44', 1, '2019-07-03 11:57:48', 1);
INSERT INTO `T_AU_ROLE_PERMISSION_OBJECT` VALUES (8, 1, 1, 3, 2, 2, 2, '', '1', NULL, 'N', '2019-06-20 11:21:44', 1, '2019-06-25 10:10:23', 1);
INSERT INTO `T_AU_ROLE_PERMISSION_OBJECT` VALUES (9, 1, 1, 3, 2, 2, 3, '', '1', NULL, 'N', '2019-06-20 11:21:44', 1, '2019-07-01 16:54:04', 1);
INSERT INTO `T_AU_ROLE_PERMISSION_OBJECT` VALUES (10, 1, 1, 3, 2, 2, 4, '', '1', NULL, 'N', '2019-06-20 11:21:45', 1, '2019-07-01 17:04:56', 1);
INSERT INTO `T_AU_ROLE_PERMISSION_OBJECT` VALUES (11, 1, 1, 3, 2, 2, 5, '', '1', NULL, 'N', '2019-06-20 11:21:45', 1, '2019-07-03 11:57:48', 1);
INSERT INTO `T_AU_ROLE_PERMISSION_OBJECT` VALUES (12, 1, 1, 3, 1, 1, 6, '', '0', NULL, 'N', '2019-06-25 10:03:22', 1, '2019-07-03 11:57:48', 1);
INSERT INTO `T_AU_ROLE_PERMISSION_OBJECT` VALUES (13, 2, 1, 3, 1, 1, 1, 'auth/orgController/getOrgList', '1', NULL, 'N', '2019-07-01 11:54:09', 1, '2019-07-01 11:54:09', 1);
INSERT INTO `T_AU_ROLE_PERMISSION_OBJECT` VALUES (14, 2, 1, 3, 1, 1, 2, '', '0', NULL, 'N', '2019-07-01 11:54:09', 1, '2019-07-01 11:54:09', 1);
INSERT INTO `T_AU_ROLE_PERMISSION_OBJECT` VALUES (15, 2, 1, 3, 1, 1, 6, '', '1', NULL, 'N', '2019-07-01 11:54:09', 1, '2019-07-01 11:54:09', 1);
INSERT INTO `T_AU_ROLE_PERMISSION_OBJECT` VALUES (16, 2, 1, 3, 2, 2, 1, 'auth/userController/getUserList', '1', NULL, 'N', '2019-07-01 11:54:09', 1, '2019-07-01 11:54:09', 1);
INSERT INTO `T_AU_ROLE_PERMISSION_OBJECT` VALUES (17, 2, 1, 3, 2, 2, 2, '', '1', NULL, 'N', '2019-07-01 11:54:09', 1, '2019-07-01 11:54:09', 1);
INSERT INTO `T_AU_ROLE_PERMISSION_OBJECT` VALUES (18, 2, 1, 3, 2, 2, 3, '', '0', NULL, 'N', '2019-07-01 11:54:10', 1, '2019-07-01 11:54:10', 1);
INSERT INTO `T_AU_ROLE_PERMISSION_OBJECT` VALUES (19, 2, 1, 3, 2, 2, 4, '', '0', NULL, 'N', '2019-07-01 11:54:10', 1, '2019-07-01 11:54:10', 1);
INSERT INTO `T_AU_ROLE_PERMISSION_OBJECT` VALUES (20, 2, 1, 3, 2, 2, 5, '', '1', NULL, 'N', '2019-07-01 11:54:10', 1, '2019-07-01 11:54:10', 1);
INSERT INTO `T_AU_ROLE_PERMISSION_OBJECT` VALUES (22, 1, 1, 3, 3, 3, 1, '/3/query', '0', NULL, 'N', '2019-07-01 16:54:04', 1, '2019-07-03 11:57:48', 1);
INSERT INTO `T_AU_ROLE_PERMISSION_OBJECT` VALUES (23, 1, 1, 3, 3, 3, 2, '/3/dd', '1', NULL, 'N', '2019-07-01 16:54:04', 1, '2019-07-01 16:54:04', 1);
INSERT INTO `T_AU_ROLE_PERMISSION_OBJECT` VALUES (24, 1, 1, 3, 3, 3, 3, '/3/aa', '1', NULL, 'N', '2019-07-01 16:54:05', 1, '2019-07-01 16:54:05', 1);
INSERT INTO `T_AU_ROLE_PERMISSION_OBJECT` VALUES (25, 1, 1, 3, 3, 3, 4, '/3/cc', '1', NULL, 'N', '2019-07-01 16:54:05', 1, '2019-07-01 17:04:56', 1);
INSERT INTO `T_AU_ROLE_PERMISSION_OBJECT` VALUES (26, 2, 1, 4, 4, 4, 1, '/4/ee', '1', NULL, 'N', '2019-07-02 16:33:18', 1, '2019-07-02 16:33:18', 1);
INSERT INTO `T_AU_ROLE_PERMISSION_OBJECT` VALUES (27, 2, 1, 4, 4, 4, 2, '/4/rr', '1', NULL, 'N', '2019-07-02 16:33:18', 1, '2019-07-02 16:33:18', 1);
INSERT INTO `T_AU_ROLE_PERMISSION_OBJECT` VALUES (28, 2, 1, 4, 4, 4, 3, '/4/tt', '1', NULL, 'N', '2019-07-02 16:33:19', 1, '2019-07-02 16:36:51', 1);
INSERT INTO `T_AU_ROLE_PERMISSION_OBJECT` VALUES (29, 2, 1, 4, 4, 4, 5, '/4/ii', '1', NULL, 'N', '2019-07-02 16:33:19', 1, '2019-07-02 16:33:19', 1);
INSERT INTO `T_AU_ROLE_PERMISSION_OBJECT` VALUES (30, 2, 1, 4, 6, 6, 1, '/6/ss', '1', NULL, 'N', '2019-07-02 16:33:19', 1, '2019-07-02 16:33:19', 1);
INSERT INTO `T_AU_ROLE_PERMISSION_OBJECT` VALUES (31, 2, 1, 4, 6, 6, 2, '/6/yy', '1', NULL, 'N', '2019-07-02 16:33:19', 1, '2019-07-02 16:33:19', 1);
INSERT INTO `T_AU_ROLE_PERMISSION_OBJECT` VALUES (32, 2, 1, 4, 6, 6, 3, '/6/ww', '0', NULL, 'N', '2019-07-02 16:33:19', 1, '2019-07-02 16:33:19', 1);

-- ----------------------------
-- Table structure for T_AU_ROLE_RESOURCE
-- ----------------------------
DROP TABLE IF EXISTS `T_AU_ROLE_RESOURCE`;
CREATE TABLE `T_AU_ROLE_RESOURCE`  (
  `id` int(11) NOT NULL AUTO_INCREMENT COMMENT '主键id',
  `role_id` int(11) NULL DEFAULT NULL COMMENT '角色id',
  `resource_item_id` int(11) NULL DEFAULT NULL COMMENT '资源项id',
  `resource_type` varchar(16) CHARACTER SET utf8 COLLATE utf8_general_ci NULL DEFAULT NULL COMMENT '资源类型（菜单menu/按钮button）',
  `state` char(10) CHARACTER SET utf8 COLLATE utf8_general_ci NULL DEFAULT NULL COMMENT '状态（禁用 0/启用 1）',
  `create_time` datetime(0) NULL DEFAULT NULL COMMENT '创建时间',
  `create_user` int(11) NULL DEFAULT NULL COMMENT '创建用户',
  `update_time` datetime(0) NULL DEFAULT NULL COMMENT '修改时间',
  `update_user` int(11) NULL DEFAULT NULL COMMENT '修改用户',
  PRIMARY KEY (`id`) USING BTREE
) ENGINE = InnoDB AUTO_INCREMENT = 101 CHARACTER SET = utf8 COLLATE = utf8_general_ci COMMENT = '系统角色资源表' ROW_FORMAT = Dynamic;

-- ----------------------------
-- Records of T_AU_ROLE_RESOURCE
-- ----------------------------
INSERT INTO `T_AU_ROLE_RESOURCE` VALUES (1, 2, 1, 'MENU', '1', '2019-05-16 17:25:55', 1, '2019-05-16 17:25:55', 1);
INSERT INTO `T_AU_ROLE_RESOURCE` VALUES (60, 2, 42, 'MENU', '1', '2019-05-16 18:58:55', 1, '2019-05-16 18:58:55', 1);
INSERT INTO `T_AU_ROLE_RESOURCE` VALUES (61, 2, 99, 'BUTTON', '1', '2019-05-16 18:58:55', 1, '2019-05-16 18:58:55', 1);
INSERT INTO `T_AU_ROLE_RESOURCE` VALUES (71, 2, 104, 'BUTTON', '1', '2019-05-31 17:08:54', 3, '2019-05-31 17:08:54', 3);
INSERT INTO `T_AU_ROLE_RESOURCE` VALUES (75, 2, 101, 'BUTTON', '1', NULL, NULL, NULL, NULL);
INSERT INTO `T_AU_ROLE_RESOURCE` VALUES (76, 2, 102, 'BUTTON', '1', NULL, NULL, NULL, NULL);
INSERT INTO `T_AU_ROLE_RESOURCE` VALUES (77, 2, 103, 'BUTTON', '1', NULL, NULL, NULL, NULL);
INSERT INTO `T_AU_ROLE_RESOURCE` VALUES (78, 2, 104, 'BUTTON', '1', NULL, NULL, NULL, NULL);
INSERT INTO `T_AU_ROLE_RESOURCE` VALUES (80, 2, 105, 'BUTTON', '1', '2019-05-31 17:41:20', 3, '2019-05-31 17:41:20', 3);
INSERT INTO `T_AU_ROLE_RESOURCE` VALUES (81, 2, 106, 'BUTTON', '1', '2019-05-31 17:43:40', 3, '2019-05-31 17:43:40', 3);
INSERT INTO `T_AU_ROLE_RESOURCE` VALUES (82, 2, 100, 'BUTTON', '1', '2019-05-31 17:43:51', 3, '2019-05-31 17:43:51', 3);
INSERT INTO `T_AU_ROLE_RESOURCE` VALUES (83, 2, 5, 'BUTTON', '1', '2019-05-31 17:43:51', 3, '2019-05-31 17:43:51', 3);
INSERT INTO `T_AU_ROLE_RESOURCE` VALUES (94, 2, 1, 'BUTTON', '1', NULL, NULL, NULL, NULL);
INSERT INTO `T_AU_ROLE_RESOURCE` VALUES (96, 2, 107, 'BUTTON', '1', NULL, NULL, NULL, NULL);
INSERT INTO `T_AU_ROLE_RESOURCE` VALUES (97, 2, 108, 'BUTTON', '1', NULL, NULL, NULL, NULL);
INSERT INTO `T_AU_ROLE_RESOURCE` VALUES (98, 2, 109, 'BUTTON', '1', NULL, NULL, NULL, NULL);
INSERT INTO `T_AU_ROLE_RESOURCE` VALUES (99, 2, 2, 'MENU', '0', '2019-06-04 11:01:32', 3, '2019-06-04 11:01:32', 3);
INSERT INTO `T_AU_ROLE_RESOURCE` VALUES (100, 2, 1, 'BUTTON', '1', '2019-06-04 11:01:32', 3, '2019-06-04 11:01:32', 3);

-- ----------------------------
-- Table structure for T_AU_SUBSYSTEM_PERMISSION
-- ----------------------------
DROP TABLE IF EXISTS `T_AU_SUBSYSTEM_PERMISSION`;
CREATE TABLE `T_AU_SUBSYSTEM_PERMISSION`  (
  `id` int(11) NOT NULL AUTO_INCREMENT COMMENT '主键',
  `role_id` int(11) NULL DEFAULT NULL COMMENT '角色id',
  `business_domain_id` int(11) NULL DEFAULT NULL COMMENT '业务领域编号',
  `subsystem_id` int(11) NULL DEFAULT NULL COMMENT '业务子系统编号',
  `permission_group_code` varchar(32) CHARACTER SET utf8 COLLATE utf8_general_ci NULL DEFAULT NULL COMMENT '权限组CODE',
  `permission_status` char(1) CHARACTER SET utf8 COLLATE utf8_general_ci NULL DEFAULT NULL COMMENT '权限状态',
  `data_state` char(1) CHARACTER SET utf8 COLLATE utf8_general_ci NULL DEFAULT NULL COMMENT '数据状态',
  `is_delete` char(1) CHARACTER SET utf8 COLLATE utf8_general_ci NULL DEFAULT NULL COMMENT '删除标识',
  `create_time` datetime(0) NULL DEFAULT NULL COMMENT '创建时间',
  `create_user` int(11) NULL DEFAULT NULL COMMENT '创建人',
  `update_time` datetime(0) NULL DEFAULT NULL COMMENT '修改时间',
  `update_user` int(11) NULL DEFAULT NULL COMMENT '修改人',
  PRIMARY KEY (`id`) USING BTREE
) ENGINE = InnoDB AUTO_INCREMENT = 35 CHARACTER SET = utf8 COLLATE = utf8_general_ci ROW_FORMAT = Dynamic;

-- ----------------------------
-- Records of T_AU_SUBSYSTEM_PERMISSION
-- ----------------------------
INSERT INTO `T_AU_SUBSYSTEM_PERMISSION` VALUES (1, 1, 1, 3, 'PG1', '0', NULL, NULL, '2019-06-20 11:21:55', 1, '2019-07-03 13:24:50', 1);
INSERT INTO `T_AU_SUBSYSTEM_PERMISSION` VALUES (2, 1, 1, 3, 'PG2', '1', NULL, NULL, '2019-06-20 11:21:55', 1, '2019-06-20 11:21:55', 1);
INSERT INTO `T_AU_SUBSYSTEM_PERMISSION` VALUES (3, 1, 1, 3, 'PG3', '1', NULL, NULL, '2019-06-20 11:21:55', 1, '2019-07-01 16:53:56', 1);
INSERT INTO `T_AU_SUBSYSTEM_PERMISSION` VALUES (4, 1, 1, 3, 'PG4', '1', NULL, NULL, '2019-06-20 11:21:55', 1, '2019-07-01 17:04:53', 1);
INSERT INTO `T_AU_SUBSYSTEM_PERMISSION` VALUES (5, 1, 1, 3, 'PG5', '1', NULL, NULL, '2019-06-20 11:21:56', 1, '2019-07-03 11:45:26', 1);
INSERT INTO `T_AU_SUBSYSTEM_PERMISSION` VALUES (6, 2, 1, 3, 'PG1', '1', NULL, NULL, '2019-07-01 11:54:10', 1, '2019-07-01 11:54:10', 1);
INSERT INTO `T_AU_SUBSYSTEM_PERMISSION` VALUES (7, 2, 1, 3, 'PG2', '1', NULL, NULL, '2019-07-01 11:54:10', 1, '2019-07-01 11:54:10', 1);
INSERT INTO `T_AU_SUBSYSTEM_PERMISSION` VALUES (8, 2, 1, 3, 'PG5', '1', NULL, NULL, '2019-07-01 11:54:10', 1, '2019-07-01 11:54:10', 1);
INSERT INTO `T_AU_SUBSYSTEM_PERMISSION` VALUES (9, 2, 1, 3, 'PG3', '0', NULL, NULL, '2019-07-01 11:54:11', 1, '2019-07-01 11:54:11', 1);
INSERT INTO `T_AU_SUBSYSTEM_PERMISSION` VALUES (10, 2, 1, 3, 'PG4', '0', NULL, NULL, '2019-07-01 11:54:11', 1, '2019-07-01 11:54:11', 1);
INSERT INTO `T_AU_SUBSYSTEM_PERMISSION` VALUES (31, 2, 1, 4, 'PG1', '1', NULL, NULL, '2019-07-02 16:33:19', 1, '2019-07-02 16:33:19', 1);
INSERT INTO `T_AU_SUBSYSTEM_PERMISSION` VALUES (32, 2, 1, 4, 'PG2', '1', NULL, NULL, '2019-07-02 16:33:19', 1, '2019-07-02 16:33:19', 1);
INSERT INTO `T_AU_SUBSYSTEM_PERMISSION` VALUES (33, 2, 1, 4, 'PG3', '0', NULL, NULL, '2019-07-02 16:33:20', 1, '2019-07-02 16:36:52', 1);
INSERT INTO `T_AU_SUBSYSTEM_PERMISSION` VALUES (34, 2, 1, 4, 'PG5', '0', NULL, NULL, '2019-07-02 16:33:20', 1, '2019-07-02 16:33:20', 1);

-- ----------------------------
-- Table structure for T_AU_USER
-- ----------------------------
DROP TABLE IF EXISTS `T_AU_USER`;
CREATE TABLE `T_AU_USER`  (
  `id` int(11) NOT NULL AUTO_INCREMENT COMMENT '主键',
  `username` varchar(32) CHARACTER SET utf8 COLLATE utf8_general_ci NOT NULL COMMENT '用户账号',
  `password` varchar(256) CHARACTER SET utf8 COLLATE utf8_general_ci NOT NULL COMMENT '用户密码',
  `user_type` varchar(32) CHARACTER SET utf8 COLLATE utf8_general_ci NULL DEFAULT NULL COMMENT '用户类型',
  `name` varchar(32) CHARACTER SET utf8 COLLATE utf8_general_ci NULL DEFAULT NULL COMMENT '用户名称',
  `create_org_id` int(11) NULL DEFAULT NULL COMMENT '创建组织',
  `permit_org_id` int(11) NULL DEFAULT NULL COMMENT '许可分组',
  `belong_dept_id` int(11) NULL DEFAULT NULL COMMENT '所属部门',
  `belong_station_id` int(11) NULL DEFAULT NULL COMMENT '所属岗位',
  `email` varchar(32) CHARACTER SET utf8 COLLATE utf8_general_ci NULL DEFAULT NULL COMMENT '邮箱',
  `sex` char(1) CHARACTER SET utf8 COLLATE utf8_general_ci NULL DEFAULT NULL COMMENT '0未知 1 男 2 女',
  `phone` varchar(32) CHARACTER SET utf8 COLLATE utf8_general_ci NULL DEFAULT NULL COMMENT '移动电话',
  `contact_staff` int(11) NULL DEFAULT NULL COMMENT '员工编号id',
  `contact_staff_type` varchar(32) CHARACTER SET utf8 COLLATE utf8_general_ci NULL DEFAULT NULL COMMENT '联系对象类型',
  `summary` varchar(128) CHARACTER SET utf8 COLLATE utf8_general_ci NULL DEFAULT NULL COMMENT '用户说明',
  `image` varchar(128) CHARACTER SET utf8 COLLATE utf8_general_ci NULL DEFAULT NULL COMMENT '用户头像',
  `lift_ban_by` int(11) NULL DEFAULT NULL COMMENT '反禁用人',
  `lift_ban_time` datetime(0) NULL DEFAULT NULL COMMENT '反禁用时间',
  `data_state` varchar(32) CHARACTER SET utf8 COLLATE utf8_general_ci NULL DEFAULT NULL COMMENT '数据状态（用户状态）',
  `prohibit_state` char(1) CHARACTER SET utf8 COLLATE utf8_general_ci NULL DEFAULT 'N' COMMENT '是否禁用',
  `review_user` int(11) NULL DEFAULT NULL COMMENT '审核人',
  `review_time` datetime(0) NULL DEFAULT NULL COMMENT '审核时间',
  `prohibit_user` int(11) NULL DEFAULT NULL COMMENT '禁用人',
  `prohibit_time` datetime(0) NULL DEFAULT NULL COMMENT '禁用时间',
  `is_delete` char(1) CHARACTER SET utf8 COLLATE utf8_general_ci NULL DEFAULT 'N' COMMENT '删除标识',
  `create_time` datetime(0) NULL DEFAULT NULL COMMENT '创建时间',
  `create_user` int(11) NULL DEFAULT NULL COMMENT '创建人',
  `update_time` datetime(0) NULL DEFAULT NULL COMMENT '修改时间',
  `update_user` int(11) NULL DEFAULT NULL COMMENT '修改人',
  PRIMARY KEY (`id`) USING BTREE
) ENGINE = InnoDB AUTO_INCREMENT = 7 CHARACTER SET = utf8 COLLATE = utf8_general_ci ROW_FORMAT = Dynamic;

-- ----------------------------
-- Records of T_AU_USER
-- ----------------------------
INSERT INTO `T_AU_USER` VALUES (1, 'admin', 'vosung96cae35ce8a9b0244178bf28e4966c2ce1b8385723a96a6b838858cdd6ca0a1eauthapp', 'OUT_USER', '孙彬', 4, NULL, 8, NULL, NULL, NULL, NULL, NULL, NULL, NULL, NULL, 1, '2019-07-03 16:58:19', 'reviewed', 'Y', NULL, NULL, 1, '2019-07-03 16:58:47', 'N', NULL, NULL, '2019-07-03 16:58:47', 1);
INSERT INTO `T_AU_USER` VALUES (2, 'demo', 'vosung8d969eef6ecad3c29a3a629280e686cf0c3f5d5a86aff3ca12020c923adc6c92authapp', 'INNER_USER', '测试用户', 1, NULL, 7, NULL, 'sunbin@163.com', '2', '13669855478', NULL, '', '测试专用', NULL, 1, '2019-05-05 13:50:52', 'CREATED', 'N', NULL, NULL, 1, '2019-05-05 13:50:05', 'N', '2019-04-30 14:35:49', 1, '2019-05-05 13:50:52', 1);
INSERT INTO `T_AU_USER` VALUES (3, 'ceshi2', 'vosung8d969eef6ecad3c29a3a629280e686cf0c3f5d5a86aff3ca12020c923adc6c92authapp', 'INNER_USER', '测试用户2', 1, NULL, 7, NULL, 'sunbin@163.com', '2', '13669855478', NULL, '', '测试专用', NULL, 1, '2019-05-05 13:50:52', 'CREATED', 'N', NULL, NULL, 1, '2019-05-05 13:50:05', 'N', '2019-04-30 15:20:39', 1, '2019-05-05 13:50:52', 1);
INSERT INTO `T_AU_USER` VALUES (4, 'binbin', 'vosung92925488b28ab12584ac8fcaa8a27a0f497b2c62940c8f4fbc8ef19ebc87c43eauthapp', 'INNER_USER', '彬', 1, NULL, 7, NULL, 'sunbin@163.com', '2', '13669855478', 2, 'EMPLOYEE', '测试专用sssssssswwwwwwwwwwwd', NULL, NULL, NULL, 'CREATED', 'N', NULL, NULL, NULL, NULL, 'N', '2019-05-13 16:09:10', 1, '2019-06-11 10:44:38', 1);
INSERT INTO `T_AU_USER` VALUES (5, '123', 'vosung92925488b28ab12584ac8fcaa8a27a0f497b2c62940c8f4fbc8ef19ebc87c43eauthapp', 'INNER_USER', '2134', 1, NULL, 9, NULL, NULL, '2', '123', 12356666, NULL, NULL, NULL, NULL, NULL, 'CREATED', 'N', NULL, NULL, NULL, NULL, 'N', '2019-05-23 15:20:20', 1, '2019-06-10 15:52:25', 1);
INSERT INTO `T_AU_USER` VALUES (6, '0610测试', 'vosung92925488b28ab12584ac8fcaa8a27a0f497b2c62940c8f4fbc8ef19ebc87c43eauthapp', 'INNER_USER', '0610测试', 1, NULL, 8, NULL, NULL, '2', '110', 1, 'EMPLOYEE', NULL, NULL, NULL, NULL, 'CREATED', 'N', NULL, NULL, NULL, NULL, 'N', '2019-06-10 15:54:01', 1, '2019-06-10 15:54:01', 1);

-- ----------------------------
-- Table structure for T_AU_USER_ORG_ROLE
-- ----------------------------
DROP TABLE IF EXISTS `T_AU_USER_ORG_ROLE`;
CREATE TABLE `T_AU_USER_ORG_ROLE`  (
  `id` int(11) NOT NULL AUTO_INCREMENT COMMENT '主键',
  `org_id` int(11) NULL DEFAULT NULL COMMENT '组织id',
  `user_id` int(11) NULL DEFAULT NULL COMMENT '用户id',
  `role_id` int(11) NULL DEFAULT NULL COMMENT '角色id',
  `is_delete` char(1) CHARACTER SET utf8 COLLATE utf8_general_ci NULL DEFAULT 'N' COMMENT '删除标识',
  `create_time` datetime(0) NULL DEFAULT NULL,
  `create_user` int(11) NULL DEFAULT NULL,
  `update_time` datetime(0) NULL DEFAULT NULL,
  `update_user` int(11) NULL DEFAULT NULL,
  PRIMARY KEY (`id`) USING BTREE
) ENGINE = InnoDB AUTO_INCREMENT = 49 CHARACTER SET = utf8 COLLATE = utf8_general_ci COMMENT = '用户组织角色关系表' ROW_FORMAT = Dynamic;

-- ----------------------------
-- Records of T_AU_USER_ORG_ROLE
-- ----------------------------
INSERT INTO `T_AU_USER_ORG_ROLE` VALUES (7, 3, 2, 2, 'N', '2019-04-30 14:44:19', 1, '2019-04-30 14:44:19', 1);
INSERT INTO `T_AU_USER_ORG_ROLE` VALUES (8, 3, 2, 3, 'N', '2019-04-30 14:44:19', 1, '2019-04-30 14:44:19', 1);
INSERT INTO `T_AU_USER_ORG_ROLE` VALUES (15, 1, 1, 1, 'N', '2019-05-13 10:45:24', 1, '2019-05-13 10:45:24', 1);
INSERT INTO `T_AU_USER_ORG_ROLE` VALUES (16, 1, 2, 3, 'N', '2019-05-13 10:45:24', 1, '2019-05-13 10:45:24', 1);
INSERT INTO `T_AU_USER_ORG_ROLE` VALUES (22, 16, 4, 4, 'N', '2019-05-13 16:22:23', 1, '2019-05-13 16:22:23', 1);
INSERT INTO `T_AU_USER_ORG_ROLE` VALUES (23, 16, 4, 5, 'N', '2019-05-13 16:22:23', 1, '2019-05-13 16:22:23', 1);
INSERT INTO `T_AU_USER_ORG_ROLE` VALUES (26, 14, 3, 3, 'N', '2019-05-22 16:42:25', 1, '2019-05-22 16:42:25', 1);
INSERT INTO `T_AU_USER_ORG_ROLE` VALUES (28, 4, 3, 2, 'N', '2019-05-23 15:04:36', 1, '2019-05-23 15:04:36', 1);
INSERT INTO `T_AU_USER_ORG_ROLE` VALUES (29, 14, 3, 3, 'N', '2019-05-23 15:04:36', 1, '2019-05-23 15:04:36', 1);
INSERT INTO `T_AU_USER_ORG_ROLE` VALUES (30, 16, 4, 5, 'N', '2019-05-30 15:31:37', 1, '2019-05-30 15:31:37', 1);
INSERT INTO `T_AU_USER_ORG_ROLE` VALUES (32, 1, 4, 2, 'N', '2019-05-30 15:31:37', 1, '2019-05-30 15:31:37', 1);
INSERT INTO `T_AU_USER_ORG_ROLE` VALUES (33, 15, 2, 3, 'N', '2019-06-06 13:40:44', 1, '2019-06-06 13:40:44', 1);
INSERT INTO `T_AU_USER_ORG_ROLE` VALUES (36, 16, 3, 5, 'N', '2019-06-06 13:49:46', 1, '2019-06-06 13:49:46', 1);
INSERT INTO `T_AU_USER_ORG_ROLE` VALUES (43, 4, 5, 1, 'N', '2019-06-10 15:49:30', 1, '2019-06-10 15:49:30', 1);
INSERT INTO `T_AU_USER_ORG_ROLE` VALUES (45, 1, 6, 1, 'N', '2019-06-10 15:54:01', 1, '2019-06-10 15:54:01', 1);
INSERT INTO `T_AU_USER_ORG_ROLE` VALUES (46, 1, 6, 3, 'N', '2019-06-10 15:54:01', 1, '2019-06-10 15:54:01', 1);
INSERT INTO `T_AU_USER_ORG_ROLE` VALUES (47, 3, 2, 4, 'N', '2019-07-03 17:56:32', 1, '2019-07-03 17:56:32', 1);
INSERT INTO `T_AU_USER_ORG_ROLE` VALUES (48, 1, 1, 3, 'N', '2019-07-04 09:55:08', 1, '2019-07-04 09:55:08', 1);

-- ----------------------------
-- Table structure for T_AU_USER_ROLE
-- ----------------------------
DROP TABLE IF EXISTS `T_AU_USER_ROLE`;
CREATE TABLE `T_AU_USER_ROLE`  (
  `id` int(11) NOT NULL AUTO_INCREMENT COMMENT '主键',
  `user_id` int(11) NULL DEFAULT NULL COMMENT '用户id',
  `role_id` int(11) NULL DEFAULT NULL COMMENT '角色id',
  `is_delete` char(1) CHARACTER SET utf8 COLLATE utf8_general_ci NULL DEFAULT 'N' COMMENT '删除标识',
  `create_time` datetime(0) NULL DEFAULT NULL COMMENT '创建时间',
  `create_user` int(11) NULL DEFAULT NULL COMMENT '创建人',
  `update_time` datetime(0) NULL DEFAULT NULL COMMENT '修改时间',
  `update_user` int(11) NULL DEFAULT NULL COMMENT '修改人',
  PRIMARY KEY (`id`) USING BTREE
) ENGINE = InnoDB AUTO_INCREMENT = 2 CHARACTER SET = utf8 COLLATE = utf8_general_ci ROW_FORMAT = Dynamic;

-- ----------------------------
-- Records of T_AU_USER_ROLE
-- ----------------------------
INSERT INTO `T_AU_USER_ROLE` VALUES (1, 1, 1, 'N', NULL, NULL, NULL, NULL);

-- ----------------------------
-- Table structure for T_SYS_DICT
-- ----------------------------
DROP TABLE IF EXISTS `T_SYS_DICT`;
CREATE TABLE `T_SYS_DICT`  (
  `id` int(11) NOT NULL AUTO_INCREMENT COMMENT '主键',
  `code` varchar(32) CHARACTER SET utf8 COLLATE utf8_general_ci NOT NULL COMMENT '编码',
  `name` varchar(32) CHARACTER SET utf8 COLLATE utf8_general_ci NULL DEFAULT NULL COMMENT '名称',
  `status` varchar(32) CHARACTER SET utf8 COLLATE utf8_general_ci NULL DEFAULT '1' COMMENT '状态',
  `summary` varchar(128) CHARACTER SET utf8 COLLATE utf8_general_ci NULL DEFAULT NULL COMMENT '描述',
  `is_system_init` char(1) CHARACTER SET utf8 COLLATE utf8_general_ci NULL DEFAULT NULL COMMENT '是否系统预置',
  `create_time` datetime(0) NULL DEFAULT NULL COMMENT '创建时间',
  `create_user` int(11) NULL DEFAULT NULL COMMENT '创建人',
  `update_time` datetime(0) NULL DEFAULT NULL COMMENT '修改时间',
  `update_user` int(11) NULL DEFAULT NULL COMMENT '修改人',
  PRIMARY KEY (`id`) USING BTREE,
  UNIQUE INDEX `字典code唯一约束`(`code`) USING BTREE
) ENGINE = InnoDB AUTO_INCREMENT = 14 CHARACTER SET = utf8 COLLATE = utf8_general_ci ROW_FORMAT = Dynamic;

-- ----------------------------
-- Records of T_SYS_DICT
-- ----------------------------
INSERT INTO `T_SYS_DICT` VALUES (1, 'DATA_STATE', '数据状态', '1', NULL, 'Y', '2019-04-19 11:54:52', 1, '2019-04-19 11:54:52', 1);
INSERT INTO `T_SYS_DICT` VALUES (2, 'COMPANY_FORM', '公司形态	', '1', NULL, 'Y', '2019-04-19 14:55:33', 1, '2019-04-19 14:55:33', 1);
INSERT INTO `T_SYS_DICT` VALUES (3, 'ACCOUNT_ORG', '核算组织', '1', NULL, 'Y', '2019-04-19 15:06:42', 1, '2019-04-19 15:06:42', 1);
INSERT INTO `T_SYS_DICT` VALUES (4, 'OPERATION_ORG', '业务组织', '1', NULL, 'Y', '2019-04-19 15:20:07', 1, '2019-04-19 15:20:07', 1);
INSERT INTO `T_SYS_DICT` VALUES (5, 'ROLE_TYPE', '角色类型', '1', NULL, 'Y', '2019-04-19 15:26:56', 1, '2019-04-19 15:26:56', 1);
INSERT INTO `T_SYS_DICT` VALUES (6, 'DEPT_PROPERTY', '部门属性', '1', NULL, 'Y', '2019-04-25 14:10:55', 1, '2019-04-25 14:10:55', 1);
INSERT INTO `T_SYS_DICT` VALUES (7, 'CONTACT_OBJECT_TYPE', '联系对象类型', '1', NULL, 'Y', '2019-04-30 10:02:36', 1, '2019-04-30 10:02:36', 1);
INSERT INTO `T_SYS_DICT` VALUES (8, 'USER_TYPE', '用户类型', '1', NULL, 'Y', '2019-05-27 10:17:16', 1, '2019-05-27 10:17:16', 1);
INSERT INTO `T_SYS_DICT` VALUES (9, 'ROLE_ATTRIBUTE', '角色属性', '1', NULL, 'Y', '2019-05-27 10:28:27', 1, '2019-05-27 10:28:27', 1);
INSERT INTO `T_SYS_DICT` VALUES (10, 'PERMISSION_GROUP', '权限项分组', '1', NULL, 'Y', '2019-05-27 11:11:38', 1, '2019-05-27 11:11:38', 1);
INSERT INTO `T_SYS_DICT` VALUES (11, 'COUNTRY', '国家', '1', NULL, 'Y', '2019-06-17 14:18:18', 1, '2019-06-17 14:18:18', 1);
INSERT INTO `T_SYS_DICT` VALUES (12, 'CURRENCY', '币别', '1', NULL, 'Y', '2019-06-17 14:34:38', 1, '2019-06-17 14:34:38', 1);
INSERT INTO `T_SYS_DICT` VALUES (13, 'REPORT_TYPE', '汇报类型', '1', NULL, 'Y', '2019-06-19 16:22:55', 1, '2019-06-19 16:22:55', 1);

-- ----------------------------
-- Table structure for T_SYS_DICT_ITEM
-- ----------------------------
DROP TABLE IF EXISTS `T_SYS_DICT_ITEM`;
CREATE TABLE `T_SYS_DICT_ITEM`  (
  `id` int(11) NOT NULL AUTO_INCREMENT,
  `item_code` varchar(32) CHARACTER SET utf8 COLLATE utf8_general_ci NULL DEFAULT NULL,
  `item_name` varchar(32) CHARACTER SET utf8 COLLATE utf8_general_ci NULL DEFAULT NULL,
  `dict_code` varchar(32) CHARACTER SET utf8 COLLATE utf8_general_ci NULL DEFAULT NULL,
  `summary` varchar(128) CHARACTER SET utf8 COLLATE utf8_general_ci NULL DEFAULT NULL,
  `status` varchar(32) CHARACTER SET utf8 COLLATE utf8_general_ci NULL DEFAULT '1' COMMENT '字典明细项状态  1：可用 0：不可用',
  `is_system_init` char(1) CHARACTER SET utf8 COLLATE utf8_general_ci NULL DEFAULT NULL,
  `create_time` datetime(0) NULL DEFAULT NULL,
  `create_user` int(11) NULL DEFAULT NULL,
  `update_time` datetime(0) NULL DEFAULT NULL,
  `update_user` int(11) NULL DEFAULT NULL,
  PRIMARY KEY (`id`) USING BTREE,
  UNIQUE INDEX `字典明细项唯一约束`(`item_code`) USING BTREE COMMENT '字典明细项唯一约束'
) ENGINE = InnoDB AUTO_INCREMENT = 64 CHARACTER SET = utf8 COLLATE = utf8_general_ci ROW_FORMAT = Dynamic;

-- ----------------------------
-- Records of T_SYS_DICT_ITEM
-- ----------------------------
INSERT INTO `T_SYS_DICT_ITEM` VALUES (1, 'CREATED', '已创建', 'DATA_STATE', NULL, '1', 'Y', '2019-04-19 14:40:16', 1, '2019-04-19 14:40:16', 1);
INSERT INTO `T_SYS_DICT_ITEM` VALUES (2, 'REVIEW_AGAIN', '重新审核', 'DATA_STATE', NULL, '1', 'Y', '2019-04-19 14:40:16', 1, '2019-04-19 14:40:16', 1);
INSERT INTO `T_SYS_DICT_ITEM` VALUES (3, 'AUDIT_IN_PROGRESS', '审核中', 'DATA_STATE', NULL, '1', 'Y', '2019-04-19 14:40:16', 1, '2019-04-19 14:40:16', 1);
INSERT INTO `T_SYS_DICT_ITEM` VALUES (4, 'AUDITED', '已审核', 'DATA_STATE', NULL, '1', 'Y', '2019-04-19 14:40:16', 1, '2019-04-19 14:40:16', 1);
INSERT INTO `T_SYS_DICT_ITEM` VALUES (5, 'TEMPORARY_STORAGE', '暂存', 'DATA_STATE', NULL, '1', 'Y', '2019-04-19 14:40:16', 1, '2019-04-19 14:40:16', 1);
INSERT INTO `T_SYS_DICT_ITEM` VALUES (6, 'HEAD_OFFICE', '总公司', 'COMPANY_FORM', NULL, '1', 'Y', '2019-04-19 14:55:33', 1, '2019-04-19 14:55:33', 1);
INSERT INTO `T_SYS_DICT_ITEM` VALUES (7, 'OFFICE', '公司', 'COMPANY_FORM', NULL, '1', 'Y', '2019-04-19 14:55:33', 1, '2019-04-19 14:55:33', 1);
INSERT INTO `T_SYS_DICT_ITEM` VALUES (8, 'FACTORY', '工厂', 'COMPANY_FORM', NULL, '1', 'Y', '2019-04-19 14:55:33', 1, '2019-04-19 14:55:33', 1);
INSERT INTO `T_SYS_DICT_ITEM` VALUES (9, 'BU', '事业部', 'COMPANY_FORM', NULL, '1', 'Y', '2019-04-19 14:55:33', 1, '2019-04-19 14:55:33', 1);
INSERT INTO `T_SYS_DICT_ITEM` VALUES (10, 'AGENCY', '办事处', 'COMPANY_FORM', NULL, '1', 'Y', '2019-04-19 14:55:33', 1, '2019-04-19 14:55:33', 1);
INSERT INTO `T_SYS_DICT_ITEM` VALUES (11, 'DEPT', '部门', 'COMPANY_FORM', NULL, '1', 'Y', '2019-04-19 14:55:33', 1, '2019-04-19 14:55:33', 1);
INSERT INTO `T_SYS_DICT_ITEM` VALUES (12, 'BRANCH_OFFICE', '分公司', 'COMPANY_FORM', NULL, '1', 'Y', '2019-04-19 14:55:33', 1, '2019-04-19 14:55:33', 1);
INSERT INTO `T_SYS_DICT_ITEM` VALUES (13, 'OTHER', '其他', 'COMPANY_FORM', NULL, '1', 'Y', '2019-04-19 14:55:33', 1, '2019-04-19 14:55:33', 1);
INSERT INTO `T_SYS_DICT_ITEM` VALUES (14, 'LEGAL_PERSON', '法人', 'ACCOUNT_ORG', NULL, '1', 'Y', '2019-04-19 15:06:42', 1, '2019-04-19 15:06:42', 1);
INSERT INTO `T_SYS_DICT_ITEM` VALUES (15, 'PROFIT_CENTER', '利润中心', 'ACCOUNT_ORG', NULL, '1', 'Y', '2019-04-19 15:06:42', 1, '2019-04-19 15:06:42', 1);
INSERT INTO `T_SYS_DICT_ITEM` VALUES (16, 'FUNC_001', '销售职能', 'OPERATION_ORG', NULL, '1', 'Y', '2019-04-19 15:20:07', 1, '2019-04-19 15:20:07', 1);
INSERT INTO `T_SYS_DICT_ITEM` VALUES (17, 'FUNC_002', '采购职能', 'OPERATION_ORG', NULL, '1', 'Y', '2019-04-19 15:20:07', 1, '2019-04-19 15:20:07', 1);
INSERT INTO `T_SYS_DICT_ITEM` VALUES (18, 'FUNC_003', '库存职能', 'OPERATION_ORG', NULL, '1', 'Y', '2019-04-19 15:20:07', 1, '2019-04-19 15:20:07', 1);
INSERT INTO `T_SYS_DICT_ITEM` VALUES (19, 'FUNC_004', '工厂职能', 'OPERATION_ORG', NULL, '1', 'Y', '2019-04-19 15:20:07', 1, '2019-04-19 15:20:07', 1);
INSERT INTO `T_SYS_DICT_ITEM` VALUES (20, 'FUNC_005', '质检职能', 'OPERATION_ORG', NULL, '1', 'Y', '2019-04-19 15:20:07', 1, '2019-04-19 15:20:07', 1);
INSERT INTO `T_SYS_DICT_ITEM` VALUES (21, 'FUNC_006', '结算职能', 'OPERATION_ORG', NULL, '1', 'Y', '2019-04-19 15:20:07', 1, '2019-04-19 15:20:07', 1);
INSERT INTO `T_SYS_DICT_ITEM` VALUES (22, 'FUNC_007', '资产职能', 'OPERATION_ORG', NULL, '1', 'Y', '2019-04-19 15:20:07', 1, '2019-04-19 15:20:07', 1);
INSERT INTO `T_SYS_DICT_ITEM` VALUES (23, 'FUNC_008', '资金职能', 'OPERATION_ORG', NULL, '1', 'Y', '2019-04-19 15:20:07', 1, '2019-04-19 15:20:07', 1);
INSERT INTO `T_SYS_DICT_ITEM` VALUES (24, 'FUNC_009', '收付职能', 'OPERATION_ORG', NULL, '1', 'Y', '2019-04-19 15:20:07', 1, '2019-04-19 15:20:07', 1);
INSERT INTO `T_SYS_DICT_ITEM` VALUES (25, 'FUNC_010', '营销职能', 'OPERATION_ORG', NULL, '1', 'Y', '2019-04-19 15:20:07', 1, '2019-04-19 15:20:07', 1);
INSERT INTO `T_SYS_DICT_ITEM` VALUES (26, 'FUNC_011', '服务职能', 'OPERATION_ORG', NULL, '1', 'Y', '2019-04-19 15:20:07', 1, '2019-04-19 15:20:07', 1);
INSERT INTO `T_SYS_DICT_ITEM` VALUES (27, 'FUNC_012', '共享中心', 'OPERATION_ORG', NULL, '1', 'Y', '2019-04-19 15:20:07', 1, '2019-04-19 15:20:07', 1);
INSERT INTO `T_SYS_DICT_ITEM` VALUES (28, 'COMMON_ROLE', '普通角色', 'ROLE_TYPE', NULL, '1', 'Y', '2019-04-19 15:26:56', 1, '2019-04-19 15:26:56', 1);
INSERT INTO `T_SYS_DICT_ITEM` VALUES (29, 'SYS_ROLE', '系统管理员', 'ROLE_TYPE', NULL, '1', 'Y', '2019-04-19 15:26:56', 1, '2019-04-19 15:26:56', 1);
INSERT INTO `T_SYS_DICT_ITEM` VALUES (30, 'SUPPLIER_ROLE', '供应商协同角色', 'ROLE_TYPE', NULL, '1', 'Y', '2019-04-19 15:26:56', 1, '2019-04-19 15:26:56', 1);
INSERT INTO `T_SYS_DICT_ITEM` VALUES (31, 'DP01_SYS', '基本生产部门', 'DEPT_PROPERTY', NULL, '1', 'Y', '2019-04-25 14:10:55', 1, '2019-04-25 14:10:55', 1);
INSERT INTO `T_SYS_DICT_ITEM` VALUES (32, 'DP02_SYS', '管理部门', 'DEPT_PROPERTY', NULL, '1', 'Y', '2019-04-25 14:10:55', 1, '2019-04-25 14:10:55', 1);
INSERT INTO `T_SYS_DICT_ITEM` VALUES (33, 'DP03_SYS', '销售部门', 'DEPT_PROPERTY', NULL, '1', 'Y', '2019-04-25 14:10:55', 1, '2019-04-25 14:10:55', 1);
INSERT INTO `T_SYS_DICT_ITEM` VALUES (34, 'DP04_SYS', '辅助生产部门', 'DEPT_PROPERTY', NULL, '1', 'Y', '2019-04-25 14:10:55', 1, '2019-04-25 14:10:55', 1);
INSERT INTO `T_SYS_DICT_ITEM` VALUES (35, 'DP05_SYS', '采购部门', 'DEPT_PROPERTY', NULL, '1', 'Y', '2019-04-25 14:10:55', 1, '2019-04-25 14:10:55', 1);
INSERT INTO `T_SYS_DICT_ITEM` VALUES (36, 'DP06_SYS', '研发部门', 'DEPT_PROPERTY', NULL, '1', 'Y', '2019-04-25 14:10:55', 1, '2019-04-25 14:10:55', 1);
INSERT INTO `T_SYS_DICT_ITEM` VALUES (37, 'EMPLOYEE', '员工', 'CONTACT_OBJECT_TYPE', NULL, '1', 'Y', '2019-04-30 10:02:36', 1, '2019-04-30 10:02:36', 1);
INSERT INTO `T_SYS_DICT_ITEM` VALUES (38, 'OUT_USER', '外部用户', 'USER_TYPE', NULL, '1', 'Y', '2019-05-27 10:17:16', 1, '2019-05-27 10:17:16', 1);
INSERT INTO `T_SYS_DICT_ITEM` VALUES (39, 'INNER_USER', '内部用户', 'USER_TYPE', NULL, '1', 'Y', '2019-05-27 10:17:16', 1, '2019-05-27 10:17:16', 1);
INSERT INTO `T_SYS_DICT_ITEM` VALUES (40, ' PUBLIC', '公有', 'ROLE_ATTRIBUTE', NULL, '1', 'Y', '2019-05-27 10:28:27', 1, '2019-05-27 10:28:27', 1);
INSERT INTO `T_SYS_DICT_ITEM` VALUES (41, 'PRIVATE', '私有', 'ROLE_ATTRIBUTE', NULL, '1', 'Y', '2019-05-27 10:28:27', 1, '2019-05-27 10:28:27', 1);
INSERT INTO `T_SYS_DICT_ITEM` VALUES (47, 'PG1', '查询', 'PERMISSION_GROUP', NULL, '1', 'Y', '2019-05-27 11:13:02', 1, '2019-05-27 11:13:02', 1);
INSERT INTO `T_SYS_DICT_ITEM` VALUES (48, 'PG2', '编辑', 'PERMISSION_GROUP', NULL, '1', 'Y', '2019-05-27 11:13:02', 1, '2019-05-27 11:13:02', 1);
INSERT INTO `T_SYS_DICT_ITEM` VALUES (49, 'PG3', '审核', 'PERMISSION_GROUP', NULL, '1', 'Y', '2019-05-27 11:13:02', 1, '2019-05-27 11:13:02', 1);
INSERT INTO `T_SYS_DICT_ITEM` VALUES (50, 'PG4', '业务操作', 'PERMISSION_GROUP', NULL, '1', 'Y', '2019-05-27 11:13:02', 1, '2019-05-27 11:13:02', 1);
INSERT INTO `T_SYS_DICT_ITEM` VALUES (51, 'PG5', '其他', 'PERMISSION_GROUP', NULL, '1', 'Y', '2019-05-27 11:13:02', 1, '2019-05-27 11:13:02', 1);
INSERT INTO `T_SYS_DICT_ITEM` VALUES (52, 'CHINA', '中国', 'COUNTRY', NULL, '1', 'Y', '2019-06-17 14:18:18', 1, '2019-06-17 14:18:18', 1);
INSERT INTO `T_SYS_DICT_ITEM` VALUES (53, 'ENGLAND', '英格兰', 'COUNTRY', NULL, '1', 'Y', '2019-06-17 14:18:18', 1, '2019-06-17 14:18:18', 1);
INSERT INTO `T_SYS_DICT_ITEM` VALUES (54, 'AMERICA', '美国', 'COUNTRY', NULL, '1', 'Y', '2019-06-17 14:18:18', 1, '2019-06-17 14:18:18', 1);
INSERT INTO `T_SYS_DICT_ITEM` VALUES (55, 'KOREA', '韩国', 'COUNTRY', NULL, '1', 'Y', '2019-06-17 14:18:18', 1, '2019-06-17 14:18:18', 1);
INSERT INTO `T_SYS_DICT_ITEM` VALUES (56, 'GERMANY', '德国', 'COUNTRY', NULL, '1', 'Y', '2019-06-17 14:18:18', 1, '2019-06-17 14:18:18', 1);
INSERT INTO `T_SYS_DICT_ITEM` VALUES (57, 'RMB', '人民币', 'CURRENCY', NULL, '1', 'Y', '2019-06-17 14:34:38', 1, '2019-06-17 14:34:38', 1);
INSERT INTO `T_SYS_DICT_ITEM` VALUES (58, 'DOLLER', '美元', 'CURRENCY', NULL, '1', 'Y', '2019-06-17 14:34:38', 1, '2019-06-17 14:34:38', 1);
INSERT INTO `T_SYS_DICT_ITEM` VALUES (59, 'WON', '韩元', 'CURRENCY', NULL, '1', 'Y', '2019-06-17 14:34:38', 1, '2019-06-17 14:34:38', 1);
INSERT INTO `T_SYS_DICT_ITEM` VALUES (60, 'POUND', '英镑', 'CURRENCY', NULL, '1', 'Y', '2019-06-17 14:34:38', 1, '2019-06-17 14:34:38', 1);
INSERT INTO `T_SYS_DICT_ITEM` VALUES (61, 'EURO', '欧元', 'CURRENCY', NULL, '1', 'Y', '2019-06-17 14:34:38', 1, '2019-06-17 14:34:38', 1);
INSERT INTO `T_SYS_DICT_ITEM` VALUES (62, 'REPORT_01', '行政汇报', 'REPORT_TYPE', NULL, '1', 'Y', '2019-06-19 16:22:55', 1, '2019-06-19 16:22:55', 1);
INSERT INTO `T_SYS_DICT_ITEM` VALUES (63, 'REPORT_02', '其他汇报', 'REPORT_TYPE', NULL, '1', 'Y', '2019-06-20 10:19:08', 1, '2019-06-20 10:19:13', 1);

-- ----------------------------
-- Table structure for oauth_access_token
-- ----------------------------
DROP TABLE IF EXISTS `oauth_access_token`;
CREATE TABLE `oauth_access_token`  (
  `token_id` varchar(255) CHARACTER SET utf8 COLLATE utf8_general_ci NULL DEFAULT NULL,
  `token` blob NULL,
  `authentication_id` varchar(255) CHARACTER SET utf8 COLLATE utf8_general_ci NULL DEFAULT NULL,
  `user_name` varchar(255) CHARACTER SET utf8 COLLATE utf8_general_ci NULL DEFAULT NULL,
  `client_id` varchar(255) CHARACTER SET utf8 COLLATE utf8_general_ci NULL DEFAULT NULL,
  `authentication` blob NULL,
  `refresh_token` varchar(255) CHARACTER SET utf8 COLLATE utf8_general_ci NULL DEFAULT NULL
) ENGINE = InnoDB CHARACTER SET = utf8 COLLATE = utf8_general_ci ROW_FORMAT = Dynamic;

-- ----------------------------
-- Records of oauth_access_token
-- ----------------------------
INSERT INTO `oauth_access_token` VALUES ('e30858207ac38ca750bb0649a75623e4', 0xACED0005737200436F72672E737072696E676672616D65776F726B2E73656375726974792E6F61757468322E636F6D6D6F6E2E44656661756C744F4175746832416363657373546F6B656E0CB29E361B24FACE0200064C00156164646974696F6E616C496E666F726D6174696F6E74000F4C6A6176612F7574696C2F4D61703B4C000A65787069726174696F6E7400104C6A6176612F7574696C2F446174653B4C000C72656672657368546F6B656E74003F4C6F72672F737072696E676672616D65776F726B2F73656375726974792F6F61757468322F636F6D6D6F6E2F4F417574683252656672657368546F6B656E3B4C000573636F706574000F4C6A6176612F7574696C2F5365743B4C0009746F6B656E547970657400124C6A6176612F6C616E672F537472696E673B4C000576616C756571007E000578707372001E6A6176612E7574696C2E436F6C6C656374696F6E7324456D7074794D6170593614855ADCE7D002000078707372000E6A6176612E7574696C2E44617465686A81014B59741903000078707708000001639C8C1A78787372004C6F72672E737072696E676672616D65776F726B2E73656375726974792E6F61757468322E636F6D6D6F6E2E44656661756C744578706972696E674F417574683252656672657368546F6B656E2FDF47639DD0C9B70200014C000A65787069726174696F6E71007E0002787200446F72672E737072696E676672616D65776F726B2E73656375726974792E6F61757468322E636F6D6D6F6E2E44656661756C744F417574683252656672657368546F6B656E73E10E0A6354D45E0200014C000576616C756571007E0005787074002431396164613665392D316562382D343331652D393035372D3061663865636433656232637371007E00097708000001643115017678737200256A6176612E7574696C2E436F6C6C656374696F6E7324556E6D6F6469666961626C65536574801D92D18F9B80550200007872002C6A6176612E7574696C2E436F6C6C656374696F6E7324556E6D6F6469666961626C65436F6C6C656374696F6E19420080CB5EF71E0200014C0001637400164C6A6176612F7574696C2F436F6C6C656374696F6E3B7870737200176A6176612E7574696C2E4C696E6B656448617368536574D86CD75A95DD2A1E020000787200116A6176612E7574696C2E48617368536574BA44859596B8B7340300007870770C000000023F40000000000001740003616C6C7874000662656172657274002434316239333636382D343531362D346162302D383737622D383063386335646662643233, '1b386ea344a7a88a508ea8d5e3d50439', 'rbac', 'frontend', 0xACED0005737200416F72672E737072696E676672616D65776F726B2E73656375726974792E6F61757468322E70726F76696465722E4F417574683241757468656E7469636174696F6EBD400B02166252130200024C000D73746F7265645265717565737474003C4C6F72672F737072696E676672616D65776F726B2F73656375726974792F6F61757468322F70726F76696465722F4F4175746832526571756573743B4C00127573657241757468656E7469636174696F6E7400324C6F72672F737072696E676672616D65776F726B2F73656375726974792F636F72652F41757468656E7469636174696F6E3B787200476F72672E737072696E676672616D65776F726B2E73656375726974792E61757468656E7469636174696F6E2E416273747261637441757468656E7469636174696F6E546F6B656ED3AA287E6E47640E0200035A000D61757468656E746963617465644C000B617574686F7269746965737400164C6A6176612F7574696C2F436F6C6C656374696F6E3B4C000764657461696C737400124C6A6176612F6C616E672F4F626A6563743B787000737200266A6176612E7574696C2E436F6C6C656374696F6E7324556E6D6F6469666961626C654C697374FC0F2531B5EC8E100200014C00046C6973747400104C6A6176612F7574696C2F4C6973743B7872002C6A6176612E7574696C2E436F6C6C656374696F6E7324556E6D6F6469666961626C65436F6C6C656374696F6E19420080CB5EF71E0200014C00016371007E00047870737200136A6176612E7574696C2E41727261794C6973747881D21D99C7619D03000149000473697A657870000000007704000000007871007E000C707372003A6F72672E737072696E676672616D65776F726B2E73656375726974792E6F61757468322E70726F76696465722E4F41757468325265717565737400000000000000010200075A0008617070726F7665644C000B617574686F72697469657371007E00044C000A657874656E73696F6E7374000F4C6A6176612F7574696C2F4D61703B4C000B72656469726563745572697400124C6A6176612F6C616E672F537472696E673B4C00077265667265736874003B4C6F72672F737072696E676672616D65776F726B2F73656375726974792F6F61757468322F70726F76696465722F546F6B656E526571756573743B4C000B7265736F7572636549647374000F4C6A6176612F7574696C2F5365743B4C000D726573706F6E7365547970657371007E0011787200386F72672E737072696E676672616D65776F726B2E73656375726974792E6F61757468322E70726F76696465722E426173655265717565737436287A3EA37169BD0200034C0008636C69656E74496471007E000F4C001172657175657374506172616D657465727371007E000E4C000573636F706571007E0011787074000866726F6E74656E64737200256A6176612E7574696C2E436F6C6C656374696F6E7324556E6D6F6469666961626C654D6170F1A5A8FE74F507420200014C00016D71007E000E7870737200116A6176612E7574696C2E486173684D61700507DAC1C31660D103000246000A6C6F6164466163746F724900097468726573686F6C6478703F4000000000000677080000000800000003740006636C69656E7474000866726F6E74656E6474000A6772616E745F7479706574000870617373776F7264740008757365726E616D6574000561646D696E78737200256A6176612E7574696C2E436F6C6C656374696F6E7324556E6D6F6469666961626C65536574801D92D18F9B80550200007871007E0009737200176A6176612E7574696C2E4C696E6B656448617368536574D86CD75A95DD2A1E020000787200116A6176612E7574696C2E48617368536574BA44859596B8B7340300007870770C000000103F40000000000001740003616C6C78017371007E0022770C000000103F40000000000000787371007E00173F40000000000000770800000010000000007870707371007E0022770C000000103F40000000000000787371007E0022770C000000103F40000000000000787372004F6F72672E737072696E676672616D65776F726B2E73656375726974792E61757468656E7469636174696F6E2E557365726E616D6550617373776F726441757468656E7469636174696F6E546F6B656E00000000000001F40200024C000B63726564656E7469616C7371007E00054C00097072696E636970616C71007E00057871007E0003017371007E00077371007E000B000000007704000000007871007E002C737200176A6176612E7574696C2E4C696E6B6564486173684D617034C04E5C106CC0FB0200015A000B6163636573734F726465727871007E00173F400000000000067708000000080000000371007E001971007E001A71007E001B71007E001C71007E001D71007E001E780070737200326F72672E737072696E676672616D65776F726B2E73656375726974792E636F72652E7573657264657461696C732E5573657200000000000001F40200075A00116163636F756E744E6F6E457870697265645A00106163636F756E744E6F6E4C6F636B65645A001563726564656E7469616C734E6F6E457870697265645A0007656E61626C65644C000B617574686F72697469657371007E00114C000870617373776F726471007E000F4C0008757365726E616D6571007E000F7870010101017371007E001F737200116A6176612E7574696C2E54726565536574DD98509395ED875B0300007870737200466F72672E737072696E676672616D65776F726B2E73656375726974792E636F72652E7573657264657461696C732E5573657224417574686F72697479436F6D70617261746F7200000000000001F40200007870770400000000787074000561646D696E, '3196d476493b80423bd163beed633d5c');

-- ----------------------------
-- Table structure for oauth_client_details
-- ----------------------------
DROP TABLE IF EXISTS `oauth_client_details`;
CREATE TABLE `oauth_client_details`  (
  `client_id` varchar(255) CHARACTER SET utf8 COLLATE utf8_general_ci NOT NULL,
  `resource_ids` varchar(255) CHARACTER SET utf8 COLLATE utf8_general_ci NULL DEFAULT NULL,
  `client_secret` varchar(255) CHARACTER SET utf8 COLLATE utf8_general_ci NULL DEFAULT NULL,
  `scope` varchar(255) CHARACTER SET utf8 COLLATE utf8_general_ci NULL DEFAULT NULL,
  `authorized_grant_types` varchar(255) CHARACTER SET utf8 COLLATE utf8_general_ci NULL DEFAULT NULL,
  `web_server_redirect_uri` varchar(255) CHARACTER SET utf8 COLLATE utf8_general_ci NULL DEFAULT NULL,
  `authorities` varchar(255) CHARACTER SET utf8 COLLATE utf8_general_ci NULL DEFAULT NULL,
  `access_token_validity` int(11) NULL DEFAULT NULL,
  `refresh_token_validity` int(11) NULL DEFAULT NULL,
  `additional_information` varchar(4096) CHARACTER SET utf8 COLLATE utf8_general_ci NULL DEFAULT NULL,
  `autoapprove` varchar(255) CHARACTER SET utf8 COLLATE utf8_general_ci NULL DEFAULT NULL,
  `tenant_id` varchar(36) CHARACTER SET utf8 COLLATE utf8_general_ci NULL DEFAULT NULL,
  `status` varchar(255) CHARACTER SET utf8 COLLATE utf8_general_ci NULL DEFAULT NULL,
  `purpose` varchar(255) CHARACTER SET utf8 COLLATE utf8_general_ci NULL DEFAULT NULL,
  `create_time` datetime(0) NULL DEFAULT NULL,
  `update_time` datetime(0) NULL DEFAULT NULL,
  `create_by` varchar(36) CHARACTER SET utf8 COLLATE utf8_general_ci NULL DEFAULT NULL,
  `update_by` varchar(36) CHARACTER SET utf8 COLLATE utf8_general_ci NULL DEFAULT NULL,
  PRIMARY KEY (`client_id`) USING BTREE
) ENGINE = InnoDB CHARACTER SET = utf8 COLLATE = utf8_general_ci ROW_FORMAT = Dynamic;

-- ----------------------------
-- Records of oauth_client_details
-- ----------------------------
INSERT INTO `oauth_client_details` VALUES ('frontend', '', 'frontend', 'all', 'password,refresh_token', NULL, NULL, 100000, NULL, NULL, NULL, NULL, NULL, NULL, NULL, NULL, NULL, NULL);

-- ----------------------------
-- Table structure for oauth_client_token
-- ----------------------------
DROP TABLE IF EXISTS `oauth_client_token`;
CREATE TABLE `oauth_client_token`  (
  `token_id` varchar(255) CHARACTER SET utf8 COLLATE utf8_general_ci NULL DEFAULT NULL,
  `token` blob NULL,
  `authentication_id` varchar(255) CHARACTER SET utf8 COLLATE utf8_general_ci NULL DEFAULT NULL,
  `user_name` varchar(255) CHARACTER SET utf8 COLLATE utf8_general_ci NULL DEFAULT NULL,
  `client_id` varchar(255) CHARACTER SET utf8 COLLATE utf8_general_ci NULL DEFAULT NULL
) ENGINE = InnoDB CHARACTER SET = utf8 COLLATE = utf8_general_ci ROW_FORMAT = Dynamic;

-- ----------------------------
-- Table structure for oauth_code
-- ----------------------------
DROP TABLE IF EXISTS `oauth_code`;
CREATE TABLE `oauth_code`  (
  `code` varchar(255) CHARACTER SET utf8 COLLATE utf8_general_ci NULL DEFAULT NULL,
  `authentication` blob NULL
) ENGINE = InnoDB CHARACTER SET = utf8 COLLATE = utf8_general_ci ROW_FORMAT = Dynamic;

-- ----------------------------
-- Table structure for oauth_refresh_token
-- ----------------------------
DROP TABLE IF EXISTS `oauth_refresh_token`;
CREATE TABLE `oauth_refresh_token`  (
  `token_id` varchar(255) CHARACTER SET utf8 COLLATE utf8_general_ci NULL DEFAULT NULL,
  `token` blob NULL,
  `authentication` blob NULL
) ENGINE = InnoDB CHARACTER SET = utf8 COLLATE = utf8_general_ci ROW_FORMAT = Dynamic;

-- ----------------------------
-- Records of oauth_refresh_token
-- ----------------------------
INSERT INTO `oauth_refresh_token` VALUES ('6134dd94d0782b4fd9716c67ba5c649c', 0xACED00057372004C6F72672E737072696E676672616D65776F726B2E73656375726974792E6F61757468322E636F6D6D6F6E2E44656661756C744578706972696E674F417574683252656672657368546F6B656E2FDF47639DD0C9B70200014C000A65787069726174696F6E7400104C6A6176612F7574696C2F446174653B787200446F72672E737072696E676672616D65776F726B2E73656375726974792E6F61757468322E636F6D6D6F6E2E44656661756C744F417574683252656672657368546F6B656E73E10E0A6354D45E0200014C000576616C75657400124C6A6176612F6C616E672F537472696E673B787074016165794A68624763694F694A49557A49314E694973496E523563434936496B705856434A392E65794A316332567958323568625755694F694A685A47317062694973496E4E6A6233426C496A7062496D467362434A644C434A6864476B694F69497A4E7A51325A546C6D4D5330334F5445334C545133596A5174595749774D6930355954526C4F444E684D6D45304D4759694C434A6C654841694F6A45314D6A6B334E444D794E444D73496C6774515539495479315663325679535751694F6949784F5459324D5467324F4459784D7A41314E6A55784D6A41694C434A7164476B694F6949334E4445354E54517A4D5330355A6A55344C5451354E6A41744F5451784D5330784E7A67344D474A6A4F4449794D6A6B694C434A6A62476C6C626E5266615751694F694A6D636D3975644756755A434A392E46746C3333626431537438515758616174363357646141383764486E5A5A7548744A74504465397377476F7372000E6A6176612E7574696C2E44617465686A81014B59741903000078707708000001642BCD77F378, 0xACED0005737200416F72672E737072696E676672616D65776F726B2E73656375726974792E6F61757468322E70726F76696465722E4F417574683241757468656E7469636174696F6EBD400B02166252130200024C000D73746F7265645265717565737474003C4C6F72672F737072696E676672616D65776F726B2F73656375726974792F6F61757468322F70726F76696465722F4F4175746832526571756573743B4C00127573657241757468656E7469636174696F6E7400324C6F72672F737072696E676672616D65776F726B2F73656375726974792F636F72652F41757468656E7469636174696F6E3B787200476F72672E737072696E676672616D65776F726B2E73656375726974792E61757468656E7469636174696F6E2E416273747261637441757468656E7469636174696F6E546F6B656ED3AA287E6E47640E0200035A000D61757468656E746963617465644C000B617574686F7269746965737400164C6A6176612F7574696C2F436F6C6C656374696F6E3B4C000764657461696C737400124C6A6176612F6C616E672F4F626A6563743B787000737200266A6176612E7574696C2E436F6C6C656374696F6E7324556E6D6F6469666961626C654C697374FC0F2531B5EC8E100200014C00046C6973747400104C6A6176612F7574696C2F4C6973743B7872002C6A6176612E7574696C2E436F6C6C656374696F6E7324556E6D6F6469666961626C65436F6C6C656374696F6E19420080CB5EF71E0200014C00016371007E00047870737200136A6176612E7574696C2E41727261794C6973747881D21D99C7619D03000149000473697A657870000000007704000000007871007E000C707372003A6F72672E737072696E676672616D65776F726B2E73656375726974792E6F61757468322E70726F76696465722E4F41757468325265717565737400000000000000010200075A0008617070726F7665644C000B617574686F72697469657371007E00044C000A657874656E73696F6E7374000F4C6A6176612F7574696C2F4D61703B4C000B72656469726563745572697400124C6A6176612F6C616E672F537472696E673B4C00077265667265736874003B4C6F72672F737072696E676672616D65776F726B2F73656375726974792F6F61757468322F70726F76696465722F546F6B656E526571756573743B4C000B7265736F7572636549647374000F4C6A6176612F7574696C2F5365743B4C000D726573706F6E7365547970657371007E0011787200386F72672E737072696E676672616D65776F726B2E73656375726974792E6F61757468322E70726F76696465722E426173655265717565737436287A3EA37169BD0200034C0008636C69656E74496471007E000F4C001172657175657374506172616D657465727371007E000E4C000573636F706571007E0011787074000866726F6E74656E64737200256A6176612E7574696C2E436F6C6C656374696F6E7324556E6D6F6469666961626C654D6170F1A5A8FE74F507420200014C00016D71007E000E7870737200116A6176612E7574696C2E486173684D61700507DAC1C31660D103000246000A6C6F6164466163746F724900097468726573686F6C6478703F4000000000000677080000000800000003740006636C69656E7474000866726F6E74656E6474000A6772616E745F7479706574000870617373776F7264740008757365726E616D6574000561646D696E78737200256A6176612E7574696C2E436F6C6C656374696F6E7324556E6D6F6469666961626C65536574801D92D18F9B80550200007871007E0009737200176A6176612E7574696C2E4C696E6B656448617368536574D86CD75A95DD2A1E020000787200116A6176612E7574696C2E48617368536574BA44859596B8B7340300007870770C000000103F40000000000001740003616C6C78017371007E0022770C000000103F40000000000000787371007E00173F40000000000000770800000010000000007870707371007E0022770C000000103F40000000000000787371007E0022770C000000103F400000000000007873720038636F6D2E6E79636C6F75642E617574682E636F6E6669672E637573746F6D2E437573746F6D41757468656E7469636174696F6E546F6B656E9F36D58D3B5B5BB20200014C000B7573657244657461696C737400324C636F6D2F6E79636C6F75642F617574682F636F6E6669672F637573746F6D2F437573746F6D5573657244657461696C733B7871007E0003017372001F6A6176612E7574696C2E436F6C6C656374696F6E7324456D7074794C6973747AB817B43CA79EDE0200007870737200176A6176612E7574696C2E4C696E6B6564486173684D617034C04E5C106CC0FB0200015A000B6163636573734F726465727871007E00173F400000000000067708000000080000000371007E001971007E001A71007E001B71007E001C71007E001D71007E001E780073720030636F6D2E6E79636C6F75642E617574682E636F6E6669672E637573746F6D2E437573746F6D5573657244657461696C7396AE867D7444C0210200065A0007656E61626C65644C000B617574686F72697469657371007E00044C0008636C69656E74496471007E000F4C000870617373776F726471007E000F4C000675736572496471007E000F4C0008757365726E616D6571007E000F7870017071007E001A74000631323334353674001231393636313836383631333035363531323071007E001E);
INSERT INTO `oauth_refresh_token` VALUES ('3196d476493b80423bd163beed633d5c', 0xACED00057372004C6F72672E737072696E676672616D65776F726B2E73656375726974792E6F61757468322E636F6D6D6F6E2E44656661756C744578706972696E674F417574683252656672657368546F6B656E2FDF47639DD0C9B70200014C000A65787069726174696F6E7400104C6A6176612F7574696C2F446174653B787200446F72672E737072696E676672616D65776F726B2E73656375726974792E6F61757468322E636F6D6D6F6E2E44656661756C744F417574683252656672657368546F6B656E73E10E0A6354D45E0200014C000576616C75657400124C6A6176612F6C616E672F537472696E673B787074002431396164613665392D316562382D343331652D393035372D3061663865636433656232637372000E6A6176612E7574696C2E44617465686A81014B59741903000078707708000001643115017678, 0xACED0005737200416F72672E737072696E676672616D65776F726B2E73656375726974792E6F61757468322E70726F76696465722E4F417574683241757468656E7469636174696F6EBD400B02166252130200024C000D73746F7265645265717565737474003C4C6F72672F737072696E676672616D65776F726B2F73656375726974792F6F61757468322F70726F76696465722F4F4175746832526571756573743B4C00127573657241757468656E7469636174696F6E7400324C6F72672F737072696E676672616D65776F726B2F73656375726974792F636F72652F41757468656E7469636174696F6E3B787200476F72672E737072696E676672616D65776F726B2E73656375726974792E61757468656E7469636174696F6E2E416273747261637441757468656E7469636174696F6E546F6B656ED3AA287E6E47640E0200035A000D61757468656E746963617465644C000B617574686F7269746965737400164C6A6176612F7574696C2F436F6C6C656374696F6E3B4C000764657461696C737400124C6A6176612F6C616E672F4F626A6563743B787000737200266A6176612E7574696C2E436F6C6C656374696F6E7324556E6D6F6469666961626C654C697374FC0F2531B5EC8E100200014C00046C6973747400104C6A6176612F7574696C2F4C6973743B7872002C6A6176612E7574696C2E436F6C6C656374696F6E7324556E6D6F6469666961626C65436F6C6C656374696F6E19420080CB5EF71E0200014C00016371007E00047870737200136A6176612E7574696C2E41727261794C6973747881D21D99C7619D03000149000473697A657870000000007704000000007871007E000C707372003A6F72672E737072696E676672616D65776F726B2E73656375726974792E6F61757468322E70726F76696465722E4F41757468325265717565737400000000000000010200075A0008617070726F7665644C000B617574686F72697469657371007E00044C000A657874656E73696F6E7374000F4C6A6176612F7574696C2F4D61703B4C000B72656469726563745572697400124C6A6176612F6C616E672F537472696E673B4C00077265667265736874003B4C6F72672F737072696E676672616D65776F726B2F73656375726974792F6F61757468322F70726F76696465722F546F6B656E526571756573743B4C000B7265736F7572636549647374000F4C6A6176612F7574696C2F5365743B4C000D726573706F6E7365547970657371007E0011787200386F72672E737072696E676672616D65776F726B2E73656375726974792E6F61757468322E70726F76696465722E426173655265717565737436287A3EA37169BD0200034C0008636C69656E74496471007E000F4C001172657175657374506172616D657465727371007E000E4C000573636F706571007E0011787074000866726F6E74656E64737200256A6176612E7574696C2E436F6C6C656374696F6E7324556E6D6F6469666961626C654D6170F1A5A8FE74F507420200014C00016D71007E000E7870737200116A6176612E7574696C2E486173684D61700507DAC1C31660D103000246000A6C6F6164466163746F724900097468726573686F6C6478703F4000000000000677080000000800000003740006636C69656E7474000866726F6E74656E6474000A6772616E745F7479706574000870617373776F7264740008757365726E616D6574000561646D696E78737200256A6176612E7574696C2E436F6C6C656374696F6E7324556E6D6F6469666961626C65536574801D92D18F9B80550200007871007E0009737200176A6176612E7574696C2E4C696E6B656448617368536574D86CD75A95DD2A1E020000787200116A6176612E7574696C2E48617368536574BA44859596B8B7340300007870770C000000103F40000000000001740003616C6C78017371007E0022770C000000103F40000000000000787371007E00173F40000000000000770800000010000000007870707371007E0022770C000000103F40000000000000787371007E0022770C000000103F40000000000000787372004F6F72672E737072696E676672616D65776F726B2E73656375726974792E61757468656E7469636174696F6E2E557365726E616D6550617373776F726441757468656E7469636174696F6E546F6B656E00000000000001F40200024C000B63726564656E7469616C7371007E00054C00097072696E636970616C71007E00057871007E0003017371007E00077371007E000B000000007704000000007871007E002C737200176A6176612E7574696C2E4C696E6B6564486173684D617034C04E5C106CC0FB0200015A000B6163636573734F726465727871007E00173F400000000000067708000000080000000371007E001971007E001A71007E001B71007E001C71007E001D71007E001E780070737200326F72672E737072696E676672616D65776F726B2E73656375726974792E636F72652E7573657264657461696C732E5573657200000000000001F40200075A00116163636F756E744E6F6E457870697265645A00106163636F756E744E6F6E4C6F636B65645A001563726564656E7469616C734E6F6E457870697265645A0007656E61626C65644C000B617574686F72697469657371007E00114C000870617373776F726471007E000F4C0008757365726E616D6571007E000F7870010101017371007E001F737200116A6176612E7574696C2E54726565536574DD98509395ED875B0300007870737200466F72672E737072696E676672616D65776F726B2E73656375726974792E636F72652E7573657264657461696C732E5573657224417574686F72697479436F6D70617261746F7200000000000001F40200007870770400000000787074000561646D696E);

SET FOREIGN_KEY_CHECKS = 1;
